"kind","code","name","parent"
"division","30","AGRICULTURAL, VETERINARY AND FOOD SCIENCES",""
"division","31","BIOLOGICAL SCIENCES",""
"division","32","BIOMEDICAL AND CLINICAL SCIENCES",""
"division","33","BUILT ENVIRONMENT AND DESIGN",""
"division","34","CHEMICAL SCIENCES",""
"division","35","COMMERCE, MANAGEMENT, TOURISM AND SERVICES",""
"division","36","CREATIVE ARTS AND WRITING",""
"division","37","EARTH SCIENCES",""
"division","38","ECONOMICS",""
"division","39","EDUCATION",""
"division","40","ENGINEERING",""
"division","41","ENVIRONMENTAL SCIENCES",""
"division","42","HEALTH SCIENCES",""
"division","43","HISTORY, HERITAGE AND ARCHAEOLOGY",""
"division","44","HUMAN SOCIETY",""
"division","45","INDIGENOUS STUDIES",""
"division","46","INFORMATION AND COMPUTING SCIENCES",""
"division","47","LANGUAGE, COMMUNICATION AND CULTURE",""
"division","48","LAW AND LEGAL STUDIES",""
"division","49","MATHEMATICAL SCIENCES",""
"division","50","PHILOSOPHY AND RELIGIOUS STUDIES",""
"division","51","PHYSICAL SCIENCES",""
"division","52","PSYCHOLOGY",""
"group","3001","Agricultural biotechnology","30"
"group","3002","Agriculture, land and farm management","30"
"group","3003","Animal production","30"
"group","3004","Crop and pasture production","30"
"group","3005","Fisheries sciences","30"
"group","3006","Food sciences","30"
"group","3007","Forestry sciences","30"
"group","3008","Horticultural production","30"
"group","3009","Veterinary sciences","30"
"group","3099","Other agricultural, veterinary and food sciences","30"
"group","3101","Biochemistry and cell biology","31"
"group","3102","Bioinformatics and computational biology","31"
"group","3103","Ecology","31"
"group","3104","Evolutionary biology","31"
"group","3105","Genetics","31"
"group","3106","Industrial biotechnology","31"
"group","3107","Microbiology","31"
"group","3108","Plant biology","31"
"group","3109","Zoology","31"
"group","3199","Other biological sciences","31"
"group","3201","Cardiovascular medicine and haematology","32"
"group","3202","Clinical sciences","32"
"group","3203","Dentistry","32"
"group","3204","Immunology","32"
"group","3205","Medical biochemistry and metabolomics","32"
"group","3206","Medical biotechnology","32"
"group","3207","Medical microbiology","32"
"group","3208","Medical physiology","32"
"group","3209","Neurosciences","32"
"group","3210","Nutrition and dietetics","32"
"group","3211","Oncology and carcinogenesis","32"
"group","3212","Ophthalmology and optometry","32"
"group","3213","Paediatrics","32"
"group","3214","Pharmacology and pharmaceutical sciences","32"
"group","3215","Reproductive medicine","32"
"group","3299","Other biomedical and clinical sciences","32"
"group","3301","Architecture","33"
"group","3302","Building","33"
"group","3303","Design","33"
"group","3304","Urban and regional planning","33"
"group","3399","Other built environment and design","33"
"group","3401","Analytical chemistry","34"
"group","3402","Inorganic chemistry","34"
"group","3403","Macromolecular and materials chemistry","34"
"group","3404","Medicinal and biomolecular chemistry","34"
"group","3405","Organic chemistry","34"
"group","3406","Physical chemistry","34"
"group","3407","Theoretical and computational chemistry","34"
"group","3499","Other chemical sciences","34"
"group","3501","Accounting, auditing and accountability","35"
"group","3502","Banking, finance and investment","35"
"group","3503","Business systems in context","35"
"group","3504","Commercial services","35"
"group","3505","Human resources and industrial relations","35"
"group","3506","Marketing","35"
"group","3507","Strategy, management and organisational behaviour","35"
"group","3508","Tourism","35"
"group","3509","Transportation, logistics and supply chains","35"
"group","3599","Other commerce, management, tourism and services","35"
"group","3601","Art history, theory and criticism","36"
"group","3602","Creative and professional writing","36"
"group","3603","Music","36"
"group","3604","Performing arts","36"
"group","3605","Screen and digital media","36"
"group","3606","Visual arts","36"
"group","3699","Other creative arts and writing","36"
"group","3701","Atmospheric sciences","37"
"group","3702","Climate change science","37"
"group","3703","Geochemistry","37"
"group","3704","Geoinformatics","37"
"group","3705","Geology","37"
"group","3706","Geophysics","37"
"group","3707","Hydrology","37"
"group","3708","Oceanography","37"
"group","3709","Physical geography and environmental geoscience","37"
"group","3799","Other earth sciences","37"
"group","3801","Applied economics","38"
"group","3802","Econometrics","38"
"group","3803","Economic theory","38"
"group","3899","Other economics","38"
"group","3901","Curriculum and pedagogy","39"
"group","3902","Education policy, sociology and philosophy","39"
"group","3903","Education systems","39"
"group","3904","Specialist studies in education","39"
"group","3999","Other education","39"
"group","4001","Aerospace engineering","40"
"group","4002","Automotive engineering","40"
"group","4003","Biomedical engineering","40"
"group","4004","Chemical engineering","40"
"group","4005","Civil engineering","40"
"group","4006","Communications engineering","40"
"group","4007","Control engineering, mechatronics and robotics","40"
"group","4008","Electrical engineering","40"
"group","4009","Electronics, sensors and digital hardware","40"
"group","4010","Engineering practice and education","40"
"group","4011","Environmental engineering","40"
"group","4012","Fluid mechanics and thermal engineering","40"
"group","4013","Geomatic engineering","40"
"group","4014","Manufacturing engineering","40"
"group","4015","Maritime engineering","40"
"group","4016","Materials engineering","40"
"group","4017","Mechanical engineering","40"
"group","4018","Nanotechnology","40"
"group","4019","Resources engineering and extractive metallurgy","40"
"group","4099","Other engineering","40"
"group","4101","Climate change impacts and adaptation","41"
"group","4102","Ecological applications","41"
"group","4103","Environmental biotechnology","41"
"group","4104","Environmental management","41"
"group","4105","Pollution and contamination","41"
"group","4106","Soil sciences","41"
"group","4199","Other environmental sciences","41"
"group","4201","Allied health and rehabilitation science","42"
"group","4202","Epidemiology","42"
"group","4203","Health services and systems","42"
"group","4204","Midwifery","42"
"group","4205","Nursing","42"
"group","4206","Public health","42"
"group","4207","Sports science and exercise","42"
"group","4208","Traditional, complementary and integrative medicine","42"
"group","4299","Other health sciences","42"
"group","4301","Archaeology","43"
"group","4302","Heritage, archive and museum studies","43"
"group","4303","Historical studies","43"
"group","4399","Other history, heritage and archaeology","43"
"group","4401","Anthropology","44"
"group","4402","Criminology","44"
"group","4403","Demography","44"
"group","4404","Development studies","44"
"group","4405","Gender studies","44"
"group","4406","Human geography","44"
"group","4407","Policy and administration","44"
"group","4408","Political science","44"
"group","4409","Social work","44"
"group","4410","Sociology","44"
"group","4499","Other human society","44"
"group","4501","Aboriginal and Torres Strait Islander culture, language and history","45"
"group","4502","Aboriginal and Torres Strait Islander education","45"
"group","4503","Aboriginal and Torres Strait Islander environmental knowledges and management","45"
"group","4504","Aboriginal and Torres Strait Islander health and wellbeing","45"
"group","4505","Aboriginal and Torres Strait Islander peoples, society and community","45"
"group","4506","Aboriginal and Torres Strait Islander sciences","45"
"group","4507","Te ahurea, reo me te hītori o te Māori (Māori culture, language and history)","45"
"group","4508","Mātauranga Māori (Māori education)","45"
"group","4509","Ngā mātauranga taiao o te Māori (Māori environmental knowledges)","45"
"group","4510","Te hauora me te oranga o te Māori (Māori health and wellbeing)","45"
"group","4511","Ngā tāngata, te porihanga me ngā hapori o te Māori (Māori peoples, society and community)","45"
"group","4512","Ngā pūtaiao Māori (Māori sciences)","45"
"group","4513","Pacific Peoples culture, language and history","45"
"group","4514","Pacific Peoples education","45"
"group","4515","Pacific Peoples environmental knowledges","45"
"group","4516","Pacific Peoples health and wellbeing","45"
"group","4517","Pacific Peoples sciences","45"
"group","4518","Pacific Peoples society and community","45"
"group","4519","Other Indigenous data, methodologies and global Indigenous studies","45"
"group","4599","Other Indigenous studies","45"
"group","4601","Applied computing","46"
"group","4602","Artificial intelligence","46"
"group","4603","Computer vision and multimedia computation","46"
"group","4604","Cybersecurity and privacy","46"
"group","4605","Data management and data science","46"
"group","4606","Distributed computing and systems software","46"
"group","4607","Graphics, augmented reality and games","46"
"group","4608","Human-centred computing","46"
"group","4609","Information systems","46"
"group","4610","Library and information studies","46"
"group","4611","Machine learning","46"
"group","4612","Software engineering","46"
"group","4613","Theory of computation","46"
"group","4699","Other information and computing sciences","46"
"group","4701","Communication and media studies","47"
"group","4702","Cultural studies","47"
"group","4703","Language studies","47"
"group","4704","Linguistics","47"
"group","4705","Literary studies","47"
"group","4799","Other language, communication and culture","47"
"group","4801","Commercial law","48"
"group","4802","Environmental and resources law","48"
"group","4803","International and comparative law","48"
"group","4804","Law in context","48"
"group","4805","Legal systems","48"
"group","4806","Private law and civil obligations","48"
"group","4807","Public law","48"
"group","4899","Other law and legal studies","48"
"group","4901","Applied mathematics","49"
"group","4902","Mathematical physics","49"
"group","4903","Numerical and computational mathematics","49"
"group","4904","Pure mathematics","49"
"group","4905","Statistics","49"
"group","4999","Other mathematical sciences","49"
"group","5001","Applied ethics","50"
"group","5002","History and philosophy of specific fields","50"
"group","5003","Philosophy","50"
"group","5004","Religious studies","50"
"group","5005","Theology","50"
"group","5099","Other philosophy and religious studies","50"
"group","5101","Astronomical sciences","51"
"group","5102","Atomic, molecular and optical physics","51"
"group","5103","Classical physics","51"
"group","5104","Condensed matter physics","51"
"group","5105","Medical and biological physics","51"
"group","5106","Nuclear and plasma physics","51"
"group","5107","Particle and high energy physics","51"
"group","5108","Quantum physics","51"
"group","5109","Space sciences","51"
"group","5110","Synchrotrons and accelerators","51"
"group","5199","Other physical sciences","51"
"group","5201","Applied and developmental psychology","52"
"group","5202","Biological psychology","52"
"group","5203","Clinical and health psychology","52"
"group","5204","Cognitive and computational psychology","52"
"group","5205","Social and personality psychology","52"
"group","5299","Other psychology","52"
"field","300101","Agricultural biotechnology diagnostics (incl. biosensors)","3001"
"field","300102","Agricultural marine biotechnology","3001"
"field","300103","Agricultural molecular engineering of nucleic acids and proteins","3001"
"field","300104","Genetically modified animals","3001"
"field","300105","Genetically modified field crops and pasture","3001"
"field","300106","Genetically modified horticulture plants","3001"
"field","300107","Genetically modified trees","3001"
"field","300108","Livestock cloning","3001"
"field","300109","Non-genetically modified uses of biotechnology","3001"
"field","300110","Transgenesis","3001"
"field","300199","Agricultural biotechnology not elsewhere classified","3001"
"field","300201","Agricultural hydrology","3002"
"field","300202","Agricultural land management","3002"
"field","300203","Agricultural land planning","3002"
"field","300204","Agricultural management of nutrients","3002"
"field","300205","Agricultural production systems simulation","3002"
"field","300206","Agricultural spatial analysis and modelling","3002"
"field","300207","Agricultural systems analysis and modelling","3002"
"field","300208","Farm management, rural management and agribusiness","3002"
"field","300209","Germplasm management","3002"
"field","300210","Sustainable agricultural development","3002"
"field","300299","Agriculture, land and farm management not elsewhere classified","3002"
"field","300301","Animal growth and development","3003"
"field","300302","Animal management","3003"
"field","300303","Animal nutrition","3003"
"field","300304","Animal protection (incl. pests and pathogens)","3003"
"field","300305","Animal reproduction and breeding","3003"
"field","300306","Animal welfare","3003"
"field","300307","Environmental studies in animal production","3003"
"field","300399","Animal production not elsewhere classified","3003"
"field","300401","Agrochemicals and biocides (incl. application)","3004"
"field","300402","Agro-ecosystem function and prediction","3004"
"field","300403","Agronomy","3004"
"field","300404","Crop and pasture biochemistry and physiology","3004"
"field","300405","Crop and pasture biomass and bioproducts","3004"
"field","300406","Crop and pasture improvement (incl. selection and breeding)","3004"
"field","300407","Crop and pasture nutrition","3004"
"field","300408","Crop and pasture post harvest technologies (incl. transportation and storage)","3004"
"field","300409","Crop and pasture protection (incl. pests, diseases and weeds)","3004"
"field","300410","Crop and pasture waste water use","3004"
"field","300411","Fertilisers (incl. application)","3004"
"field","300412","Organic and low chemical input crop production","3004"
"field","300413","Pollination biology and systems","3004"
"field","300499","Crop and pasture production not elsewhere classified","3004"
"field","300501","Aquaculture","3005"
"field","300502","Aquaculture and fisheries stock assessment","3005"
"field","300503","Fish pests and diseases","3005"
"field","300504","Fish physiology and genetics","3005"
"field","300505","Fisheries management","3005"
"field","300506","Post-harvest fisheries technologies (incl. transportation)","3005"
"field","300599","Fisheries sciences not elsewhere classified","3005"
"field","300601","Beverage chemistry and beverage sensory science","3006"
"field","300602","Food chemistry and food sensory science","3006"
"field","300603","Food nutritional balance","3006"
"field","300604","Food packaging, preservation and processing","3006"
"field","300605","Food safety, traceability, certification and authenticity","3006"
"field","300606","Food sustainability","3006"
"field","300607","Food technology","3006"
"field","300699","Food sciences not elsewhere classified","3006"
"field","300701","Agroforestry","3007"
"field","300702","Forest biodiversity","3007"
"field","300703","Forest ecosystems","3007"
"field","300704","Forest health and pathology","3007"
"field","300705","Forestry biomass and bioproducts","3007"
"field","300706","Forestry fire management","3007"
"field","300707","Forestry management and environment","3007"
"field","300708","Forestry product quality assessment","3007"
"field","300709","Tree improvement (incl. selection and breeding)","3007"
"field","300710","Tree nutrition and physiology","3007"
"field","300711","Wood fibre processing","3007"
"field","300712","Wood processing","3007"
"field","300799","Forestry sciences not elsewhere classified","3007"
"field","300801","Field organic and low chemical input horticulture","3008"
"field","300802","Horticultural crop growth and development","3008"
"field","300803","Horticultural crop improvement (incl. selection and breeding)","3008"
"field","300804","Horticultural crop protection (incl. pests, diseases and weeds)","3008"
"field","300805","Oenology and viticulture","3008"
"field","300806","Post harvest horticultural technologies (incl. transportation and storage)","3008"
"field","300899","Horticultural production not elsewhere classified","3008"
"field","300901","Veterinary anaesthesiology and intensive care","3009"
"field","300902","Veterinary anatomy and physiology","3009"
"field","300903","Veterinary bacteriology","3009"
"field","300904","Veterinary diagnosis and diagnostics","3009"
"field","300905","Veterinary epidemiology","3009"
"field","300906","Veterinary immunology","3009"
"field","300907","Veterinary medicine (excl. urology)","3009"
"field","300908","Veterinary mycology","3009"
"field","300909","Veterinary parasitology","3009"
"field","300910","Veterinary pathology","3009"
"field","300911","Veterinary pharmacology","3009"
"field","300912","Veterinary surgery","3009"
"field","300913","Veterinary urology","3009"
"field","300914","Veterinary virology","3009"
"field","300999","Veterinary sciences not elsewhere classified","3009"
"field","309999","Other agricultural, veterinary and food sciences not elsewhere classified","3099"
"field","310101","Analytical biochemistry","3101"
"field","310102","Cell development, proliferation and death","3101"
"field","310103","Cell metabolism","3101"
"field","310104","Cell neurochemistry","3101"
"field","310105","Cellular interactions (incl. adhesion, matrix, cell wall)","3101"
"field","310106","Enzymes","3101"
"field","310107","Glycobiology","3101"
"field","310108","Protein trafficking","3101"
"field","310109","Proteomics and intermolecular interactions (excl. medical proteomics)","3101"
"field","310110","Receptors and membrane biology","3101"
"field","310111","Signal transduction","3101"
"field","310112","Structural biology (incl. macromolecular modelling)","3101"
"field","310113","Synthetic biology","3101"
"field","310114","Systems biology","3101"
"field","310199","Biochemistry and cell biology not elsewhere classified","3101"
"field","310201","Bioinformatic methods development","3102"
"field","310202","Biological network analysis","3102"
"field","310203","Computational ecology and phylogenetics","3102"
"field","310204","Genomics and transcriptomics","3102"
"field","310205","Proteomics and metabolomics","3102"
"field","310206","Sequence analysis","3102"
"field","310207","Statistical and quantitative genetics","3102"
"field","310208","Translational and applied bioinformatics","3102"
"field","310299","Bioinformatics and computational biology not elsewhere classified","3102"
"field","310301","Behavioural ecology","3103"
"field","310302","Community ecology (excl. invasive species ecology)","3103"
"field","310303","Ecological physiology","3103"
"field","310304","Freshwater ecology","3103"
"field","310305","Marine and estuarine ecology (incl. marine ichthyology)","3103"
"field","310306","Palaeoecology","3103"
"field","310307","Population ecology","3103"
"field","310308","Terrestrial ecology","3103"
"field","310399","Ecology not elsewhere classified","3103"
"field","310401","Animal systematics and taxonomy","3104"
"field","310402","Biogeography and phylogeography","3104"
"field","310403","Biological adaptation","3104"
"field","310404","Evolution of developmental systems","3104"
"field","310405","Evolutionary ecology","3104"
"field","310406","Evolutionary impacts of climate change","3104"
"field","310407","Host-parasite interactions","3104"
"field","310408","Life histories","3104"
"field","310409","Microbial taxonomy","3104"
"field","310410","Phylogeny and comparative analysis","3104"
"field","310411","Plant and fungus systematics and taxonomy","3104"
"field","310412","Speciation and extinction","3104"
"field","310499","Evolutionary biology not elsewhere classified","3104"
"field","310501","Anthropological genetics","3105"
"field","310502","Cell and nuclear division","3105"
"field","310503","Developmental genetics (incl. sex determination)","3105"
"field","310504","Epigenetics (incl. genome methylation and epigenomics)","3105"
"field","310505","Gene expression (incl. microarray and other genome-wide approaches)","3105"
"field","310506","Gene mapping","3105"
"field","310507","Genetic immunology","3105"
"field","310508","Genome structure and regulation","3105"
"field","310509","Genomics","3105"
"field","310510","Molecular evolution","3105"
"field","310511","Neurogenetics","3105"
"field","310599","Genetics not elsewhere classified","3105"
"field","310601","Biocatalysis and enzyme technology","3106"
"field","310602","Bioprocessing, bioproduction and bioproducts","3106"
"field","310603","Fermentation","3106"
"field","310604","Industrial biotechnology diagnostics (incl. biosensors)","3106"
"field","310605","Industrial microbiology (incl. biofeedstocks)","3106"
"field","310606","Industrial molecular engineering of nucleic acids and proteins","3106"
"field","310607","Nanobiotechnology","3106"
"field","310699","Industrial biotechnology not elsewhere classified","3106"
"field","310701","Bacteriology","3107"
"field","310702","Infectious agents","3107"
"field","310703","Microbial ecology","3107"
"field","310704","Microbial genetics","3107"
"field","310705","Mycology","3107"
"field","310706","Virology","3107"
"field","310799","Microbiology not elsewhere classified","3107"
"field","310801","Phycology (incl. marine grasses)","3108"
"field","310802","Plant biochemistry","3108"
"field","310803","Plant cell and molecular biology","3108"
"field","310804","Plant developmental and reproductive biology","3108"
"field","310805","Plant pathology","3108"
"field","310806","Plant physiology","3108"
"field","310899","Plant biology not elsewhere classified","3108"
"field","310901","Animal behaviour","3109"
"field","310902","Animal cell and molecular biology","3109"
"field","310903","Animal developmental and reproductive biology","3109"
"field","310904","Animal diet and nutrition","3109"
"field","310905","Animal immunology","3109"
"field","310906","Animal neurobiology","3109"
"field","310907","Animal physiological ecology","3109"
"field","310908","Animal physiology - biophysics","3109"
"field","310909","Animal physiology - cell","3109"
"field","310910","Animal physiology - systems","3109"
"field","310911","Animal structure and function","3109"
"field","310912","Comparative physiology","3109"
"field","310913","Invertebrate biology","3109"
"field","310914","Vertebrate biology","3109"
"field","310999","Zoology not elsewhere classified","3109"
"field","319901","Forensic biology","3199"
"field","319902","Global change biology","3199"
"field","319999","Other biological sciences not elsewhere classified","3199"
"field","320101","Cardiology (incl. cardiovascular diseases)","3201"
"field","320102","Haematology","3201"
"field","320103","Respiratory diseases","3201"
"field","320199","Cardiovascular medicine and haematology not elsewhere classified","3201"
"field","320201","Anaesthesiology","3202"
"field","320202","Clinical chemistry (incl. diagnostics)","3202"
"field","320203","Clinical microbiology","3202"
"field","320204","Clinimetrics","3202"
"field","320205","Dermatology","3202"
"field","320206","Diagnostic radiography","3202"
"field","320207","Emergency medicine","3202"
"field","320208","Endocrinology","3202"
"field","320209","Gastroenterology and hepatology","3202"
"field","320210","Geriatrics and gerontology","3202"
"field","320211","Infectious diseases","3202"
"field","320212","Intensive care","3202"
"field","320213","Medical genetics (excl. cancer genetics)","3202"
"field","320214","Nephrology and urology","3202"
"field","320215","Nuclear medicine","3202"
"field","320216","Orthopaedics","3202"
"field","320217","Otorhinolaryngology","3202"
"field","320218","Pain","3202"
"field","320219","Paramedicine","3202"
"field","320220","Pathology (excl. oral pathology)","3202"
"field","320221","Psychiatry (incl. psychotherapy)","3202"
"field","320222","Radiology and organ imaging","3202"
"field","320223","Rheumatology and arthritis","3202"
"field","320224","Rural clinical health","3202"
"field","320225","Sports medicine","3202"
"field","320226","Surgery","3202"
"field","320227","Venereology","3202"
"field","320299","Clinical sciences not elsewhere classified","3202"
"field","320301","Craniofacial biology","3203"
"field","320302","Dental materials and equipment","3203"
"field","320303","Dental therapeutics, pharmacology and toxicology","3203"
"field","320304","Endodontics","3203"
"field","320305","Oral and maxillofacial surgery","3203"
"field","320306","Oral implantology","3203"
"field","320307","Oral medicine and pathology","3203"
"field","320308","Orthodontics and dentofacial orthopaedics","3203"
"field","320309","Paedodontics","3203"
"field","320310","Periodontics","3203"
"field","320311","Prosthodontics","3203"
"field","320312","Special needs dentistry","3203"
"field","320399","Dentistry not elsewhere classified","3203"
"field","320401","Allergy","3204"
"field","320402","Applied immunology (incl. antibody engineering, xenotransplantation and t-cell therapies)","3204"
"field","320403","Autoimmunity","3204"
"field","320404","Cellular immunology","3204"
"field","320405","Humoural immunology and immunochemistry","3204"
"field","320406","Immunogenetics (incl. genetic immunology)","3204"
"field","320407","Innate immunity","3204"
"field","320408","Transplantation immunology","3204"
"field","320409","Tumour immunology","3204"
"field","320499","Immunology not elsewhere classified","3204"
"field","320501","Medical biochemistry - amino acids and metabolites","3205"
"field","320502","Medical biochemistry - carbohydrates","3205"
"field","320503","Medical biochemistry - inorganic elements and compounds","3205"
"field","320504","Medical biochemistry - lipids","3205"
"field","320505","Medical biochemistry - nucleic acids","3205"
"field","320506","Medical biochemistry - proteins and peptides (incl. medical proteomics)","3205"
"field","320507","Metabolic medicine","3205"
"field","320599","Medical biochemistry and metabolomics not elsewhere classified","3205"
"field","320601","Gene and molecular therapy","3206"
"field","320602","Medical biotechnology diagnostics (incl. biosensors)","3206"
"field","320603","Medical molecular engineering of nucleic acids and proteins","3206"
"field","320604","Nanomedicine","3206"
"field","320605","Nanotoxicology, health and safety","3206"
"field","320606","Regenerative medicine (incl. stem cells)","3206"
"field","320699","Medical biotechnology not elsewhere classified","3206"
"field","320701","Medical bacteriology","3207"
"field","320702","Medical infection agents (incl. prions)","3207"
"field","320703","Medical mycology","3207"
"field","320704","Medical parasitology","3207"
"field","320705","Medical virology","3207"
"field","320799","Medical microbiology not elsewhere classified","3207"
"field","320801","Cell physiology","3208"
"field","320802","Human biophysics","3208"
"field","320803","Systems physiology","3208"
"field","320899","Medical physiology not elsewhere classified","3208"
"field","320901","Autonomic nervous system","3209"
"field","320902","Cellular nervous system","3209"
"field","320903","Central nervous system","3209"
"field","320904","Computational neuroscience (incl. mathematical neuroscience and theoretical neuroscience)","3209"
"field","320905","Neurology and neuromuscular diseases","3209"
"field","320906","Peripheral nervous system","3209"
"field","320907","Sensory systems","3209"
"field","320999","Neurosciences not elsewhere classified","3209"
"field","321001","Clinical nutrition","3210"
"field","321002","Food properties (incl. characteristics and health benefits)","3210"
"field","321003","Nutrigenomics and personalised nutrition","3210"
"field","321004","Nutritional science","3210"
"field","321005","Public health nutrition","3210"
"field","321006","Sport and exercise nutrition","3210"
"field","321099","Nutrition and dietetics not elsewhere classified","3210"
"field","321101","Cancer cell biology","3211"
"field","321102","Cancer diagnosis","3211"
"field","321103","Cancer genetics","3211"
"field","321104","Cancer therapy (excl. chemotherapy and radiation therapy)","3211"
"field","321105","Chemotherapy","3211"
"field","321106","Haematological tumours","3211"
"field","321107","Liquid biopsies","3211"
"field","321108","Molecular targets","3211"
"field","321109","Predictive and prognostic markers","3211"
"field","321110","Radiation therapy","3211"
"field","321111","Solid tumours","3211"
"field","321199","Oncology and carcinogenesis not elsewhere classified","3211"
"field","321201","Ophthalmology","3212"
"field","321202","Optical technology","3212"
"field","321203","Optometry","3212"
"field","321204","Vision science","3212"
"field","321299","Ophthalmology and optometry not elsewhere classified","3212"
"field","321301","Adolescent health","3213"
"field","321302","Infant and child health","3213"
"field","321303","Neonatology","3213"
"field","321399","Paediatrics not elsewhere classified","3213"
"field","321401","Basic pharmacology","3214"
"field","321402","Clinical pharmacology and therapeutics","3214"
"field","321403","Clinical pharmacy and pharmacy practice","3214"
"field","321404","Pharmaceutical delivery technologies","3214"
"field","321405","Pharmaceutical sciences","3214"
"field","321406","Pharmacogenomics","3214"
"field","321407","Toxicology (incl. clinical toxicology)","3214"
"field","321499","Pharmacology and pharmaceutical sciences not elsewhere classified","3214"
"field","321501","Foetal development and medicine","3215"
"field","321502","Obstetrics and gynaecology","3215"
"field","321503","Reproduction","3215"
"field","321599","Reproductive medicine not elsewhere classified","3215"
"field","329999","Other biomedical and clinical sciences not elsewhere classified","3299"
"field","330101","Architectural computing and visualisation methods","3301"
"field","330102","Architectural design","3301"
"field","330103","Architectural heritage and conservation","3301"
"field","330104","Architectural history, theory and criticism","3301"
"field","330105","Architectural science and technology","3301"
"field","330106","Architecture for disaster relief","3301"
"field","330107","Architecture management","3301"
"field","330108","Interior design","3301"
"field","330109","Landscape architecture","3301"
"field","330110","Sustainable architecture","3301"
"field","330199","Architecture not elsewhere classified","3301"
"field","330201","Automation and technology in building and construction","3302"
"field","330202","Building construction management and project planning","3302"
"field","330203","Building industry studies","3302"
"field","330204","Building information modelling and management","3302"
"field","330205","Building organisational studies","3302"
"field","330206","Building science, technologies and systems","3302"
"field","330207","Quantity surveying","3302"
"field","330299","Building not elsewhere classified","3302"
"field","330301","Data visualisation and computational (incl. parametric and generative) design","3303"
"field","330302","Design anthropology","3303"
"field","330303","Design for disaster relief","3303"
"field","330304","Design history, theory and criticism","3303"
"field","330305","Design management","3303"
"field","330306","Design practice and methods","3303"
"field","330307","Ergonomics design","3303"
"field","330308","Fire safety design","3303"
"field","330309","Industrial and product design","3303"
"field","330310","Interaction and experience design","3303"
"field","330311","Models and simulations of design","3303"
"field","330312","Service design","3303"
"field","330313","Social design","3303"
"field","330314","Sustainable design","3303"
"field","330315","Textile and fashion design","3303"
"field","330316","Visual communication design (incl. graphic design)","3303"
"field","330399","Design not elsewhere classified","3303"
"field","330401","Community planning","3304"
"field","330402","History and theory of the built environment (excl. architecture)","3304"
"field","330403","Housing markets, development and management","3304"
"field","330404","Land use and environmental planning","3304"
"field","330405","Public participation and community engagement","3304"
"field","330406","Regional analysis and development","3304"
"field","330407","Regulatory planning and development assessment","3304"
"field","330408","Strategic, metropolitan and regional planning","3304"
"field","330409","Transport planning","3304"
"field","330410","Urban analysis and development","3304"
"field","330411","Urban design","3304"
"field","330412","Urban informatics","3304"
"field","330413","Urban planning and health","3304"
"field","330499","Urban and regional planning not elsewhere classified","3304"
"field","339999","Other built environment and design not elsewhere classified","3399"
"field","340101","Analytical spectrometry","3401"
"field","340102","Bioassays","3401"
"field","340103","Electroanalytical chemistry","3401"
"field","340104","Flow analysis","3401"
"field","340105","Instrumental methods (excl. immunological and bioassay methods)","3401"
"field","340106","Metabolomic chemistry","3401"
"field","340107","Quality assurance, chemometrics, traceability and metrological chemistry","3401"
"field","340108","Sensor technology (incl. chemical aspects)","3401"
"field","340109","Separation science","3401"
"field","340199","Analytical chemistry not elsewhere classified","3401"
"field","340201","Bioinorganic chemistry","3402"
"field","340202","Crystallography","3402"
"field","340203","F-block chemistry","3402"
"field","340204","Inorganic green chemistry","3402"
"field","340205","Main group metal chemistry","3402"
"field","340206","Metal cluster chemistry","3402"
"field","340207","Metal organic frameworks","3402"
"field","340208","Non-metal chemistry","3402"
"field","340209","Organometallic chemistry","3402"
"field","340210","Solid state chemistry","3402"
"field","340211","Transition metal chemistry","3402"
"field","340299","Inorganic chemistry not elsewhere classified","3402"
"field","340301","Inorganic materials (incl. nanomaterials)","3403"
"field","340302","Macromolecular materials","3403"
"field","340303","Nanochemistry","3403"
"field","340304","Optical properties of materials","3403"
"field","340305","Physical properties of materials","3403"
"field","340306","Polymerisation mechanisms","3403"
"field","340307","Structure and dynamics of materials","3403"
"field","340308","Supramolecular chemistry","3403"
"field","340309","Theory and design of materials","3403"
"field","340399","Macromolecular and materials chemistry not elsewhere classified","3403"
"field","340401","Biologically active molecules","3404"
"field","340402","Biomolecular modelling and design","3404"
"field","340403","Characterisation of biological macromolecules","3404"
"field","340404","Cheminformatics and quantitative structure-activity relationships","3404"
"field","340405","Glycoconjugates","3404"
"field","340406","Molecular medicine","3404"
"field","340407","Proteins and peptides","3404"
"field","340499","Medicinal and biomolecular chemistry not elsewhere classified","3404"
"field","340501","Free radical chemistry","3405"
"field","340502","Natural products and bioactive compounds","3405"
"field","340503","Organic chemical synthesis","3405"
"field","340504","Organic green chemistry","3405"
"field","340505","Physical organic chemistry","3405"
"field","340599","Organic chemistry not elsewhere classified","3405"
"field","340601","Catalysis and mechanisms of reactions","3406"
"field","340602","Chemical thermodynamics and energetics","3406"
"field","340603","Colloid and surface chemistry","3406"
"field","340604","Electrochemistry","3406"
"field","340605","Molecular imaging (incl. electron microscopy and neutron diffraction)","3406"
"field","340606","Photochemistry","3406"
"field","340607","Reaction kinetics and dynamics","3406"
"field","340608","Solution chemistry","3406"
"field","340609","Transport properties and non-equilibrium processes","3406"
"field","340699","Physical chemistry not elsewhere classified","3406"
"field","340701","Computational chemistry","3407"
"field","340702","Radiation and matter","3407"
"field","340703","Statistical mechanics in chemistry","3407"
"field","340704","Theoretical quantum chemistry","3407"
"field","340799","Theoretical and computational chemistry not elsewhere classified","3407"
"field","349901","Forensic chemistry","3499"
"field","349999","Other chemical sciences not elsewhere classified","3499"
"field","350101","Accounting theory and standards","3501"
"field","350102","Auditing and accountability","3501"
"field","350103","Financial accounting","3501"
"field","350104","International accounting","3501"
"field","350105","Management accounting","3501"
"field","350106","Not-for-profit accounting and accountability","3501"
"field","350107","Sustainability accounting and reporting","3501"
"field","350108","Taxation accounting","3501"
"field","350199","Accounting, auditing and accountability not elsewhere classified","3501"
"field","350201","Environment and climate finance","3502"
"field","350202","Finance","3502"
"field","350203","Financial econometrics","3502"
"field","350204","Financial institutions (incl. banking)","3502"
"field","350205","Household finance and financial literacy","3502"
"field","350206","Insurance studies","3502"
"field","350207","International finance","3502"
"field","350208","Investment and risk management","3502"
"field","350209","Not-for-profit finance and risk","3502"
"field","350299","Banking, finance and investment not elsewhere classified","3502"
"field","350301","Business analytics","3503"
"field","350302","Business information management (incl. records, knowledge and intelligence)","3503"
"field","350303","Business information systems","3503"
"field","350304","Business systems in context","3503"
"field","350305","Forensic intelligence","3503"
"field","350306","Forensic science and management","3503"
"field","350307","Technology management","3503"
"field","350399","Business systems in context not elsewhere classified","3503"
"field","350401","Food and hospitality services","3504"
"field","350402","Hospitality management","3504"
"field","350403","Real estate and valuation services","3504"
"field","350404","Retail","3504"
"field","350405","Sport and leisure management","3504"
"field","350499","Commercial services not elsewhere classified","3504"
"field","350501","Business and labour history","3505"
"field","350502","Employment equity and diversity","3505"
"field","350503","Human resources management","3505"
"field","350504","Industrial and employee relations","3505"
"field","350505","Occupational and workplace health and safety","3505"
"field","350506","Workforce planning","3505"
"field","350507","Workplace wellbeing and quality of working life","3505"
"field","350599","Human resources and industrial relations not elsewhere classified","3505"
"field","350601","Consumer behaviour","3506"
"field","350602","Consumer-oriented product or service development","3506"
"field","350603","Industrial marketing","3506"
"field","350604","Marketing communications","3506"
"field","350605","Marketing management (incl. strategy and customer relations)","3506"
"field","350606","Marketing research methodology","3506"
"field","350607","Marketing technology","3506"
"field","350608","Marketing theory","3506"
"field","350609","Not-for-profit marketing","3506"
"field","350610","Pricing (incl. consumer value estimation)","3506"
"field","350611","Service marketing","3506"
"field","350612","Social marketing","3506"
"field","350699","Marketing not elsewhere classified","3506"
"field","350701","Corporate governance","3507"
"field","350702","Corporate social responsibility","3507"
"field","350703","Disaster and emergency management","3507"
"field","350704","Entrepreneurship","3507"
"field","350705","Innovation management","3507"
"field","350706","International business","3507"
"field","350707","Leadership","3507"
"field","350708","Not-for-profit business and management","3507"
"field","350709","Organisation and management theory","3507"
"field","350710","Organisational behaviour","3507"
"field","350711","Organisational planning and management","3507"
"field","350712","Production and operations management","3507"
"field","350713","Project management","3507"
"field","350714","Public sector organisation and management","3507"
"field","350715","Quality management","3507"
"field","350716","Small business organisation and management","3507"
"field","350717","Stakeholder engagement","3507"
"field","350718","Strategy","3507"
"field","350799","Strategy, management and organisational behaviour not elsewhere classified","3507"
"field","350801","Impacts of tourism","3508"
"field","350802","Tourism forecasting","3508"
"field","350803","Tourism management","3508"
"field","350804","Tourism marketing","3508"
"field","350805","Tourism resource appraisal","3508"
"field","350806","Tourist behaviour and visitor experience","3508"
"field","350899","Tourism not elsewhere classified","3508"
"field","350901","Air transportation and freight services","3509"
"field","350902","Intelligent mobility","3509"
"field","350903","Logistics","3509"
"field","350904","Maritime transportation and freight services","3509"
"field","350905","Passenger needs","3509"
"field","350906","Public transport","3509"
"field","350907","Rail transportation and freight services","3509"
"field","350908","Road transportation and freight services","3509"
"field","350909","Supply chains","3509"
"field","350999","Transportation, logistics and supply chains not elsewhere classified","3509"
"field","359999","Other commerce, management, tourism and services not elsewhere classified","3599"
"field","360101","Art criticism","3601"
"field","360102","Art history","3601"
"field","360103","Art theory","3601"
"field","360104","Visual cultures","3601"
"field","360199","Art history, theory and criticism not elsewhere classified","3601"
"field","360201","Creative writing (incl. scriptwriting)","3602"
"field","360202","Digital writing","3602"
"field","360203","Professional writing and journalism practice","3602"
"field","360204","Site-based writing","3602"
"field","360205","Technical writing","3602"
"field","360299","Creative and professional writing not elsewhere classified","3602"
"field","360301","Music cognition","3603"
"field","360302","Music composition and improvisation","3603"
"field","360303","Music education","3603"
"field","360304","Music performance","3603"
"field","360305","Music technology and recording","3603"
"field","360306","Musicology and ethnomusicology","3603"
"field","360399","Music not elsewhere classified","3603"
"field","360401","Applied theatre","3604"
"field","360402","Dance and dance studies","3604"
"field","360403","Drama, theatre and performance studies","3604"
"field","360499","Performing arts not elsewhere classified","3604"
"field","360501","Cinema studies","3605"
"field","360502","Computer gaming and animation","3605"
"field","360503","Digital and electronic media art","3605"
"field","360504","Interactive media","3605"
"field","360505","Screen media","3605"
"field","360506","Visual effects","3605"
"field","360599","Screen and digital media not elsewhere classified","3605"
"field","360601","Crafts","3606"
"field","360602","Fine arts","3606"
"field","360603","Performance art","3606"
"field","360604","Photography, video and lens-based practice","3606"
"field","360699","Visual arts not elsewhere classified","3606"
"field","369999","Other creative arts and writing not elsewhere classified","3699"
"field","370101","Adverse weather events","3701"
"field","370102","Air pollution processes and air quality measurement","3701"
"field","370103","Atmospheric aerosols","3701"
"field","370104","Atmospheric composition, chemistry and processes","3701"
"field","370105","Atmospheric dynamics","3701"
"field","370106","Atmospheric radiation","3701"
"field","370107","Cloud physics","3701"
"field","370108","Meteorology","3701"
"field","370109","Tropospheric and stratospheric physics","3701"
"field","370199","Atmospheric sciences not elsewhere classified","3701"
"field","370201","Climate change processes","3702"
"field","370202","Climatology","3702"
"field","370203","Greenhouse gas inventories and fluxes","3702"
"field","370299","Climate change science not elsewhere classified","3702"
"field","370301","Exploration geochemistry","3703"
"field","370302","Inorganic geochemistry","3703"
"field","370303","Isotope geochemistry","3703"
"field","370304","Organic geochemistry","3703"
"field","370399","Geochemistry not elsewhere classified","3703"
"field","370401","Computational modelling and simulation in earth sciences","3704"
"field","370402","Earth and space science informatics","3704"
"field","370403","Geoscience data visualisation","3704"
"field","370499","Geoinformatics not elsewhere classified","3704"
"field","370501","Biomineralisation","3705"
"field","370502","Geochronology","3705"
"field","370503","Igneous and metamorphic petrology","3705"
"field","370504","Marine geoscience","3705"
"field","370505","Mineralogy and crystallography","3705"
"field","370506","Palaeontology (incl. palynology)","3705"
"field","370507","Planetary geology","3705"
"field","370508","Resource geoscience","3705"
"field","370509","Sedimentology","3705"
"field","370510","Stratigraphy (incl. biostratigraphy, sequence stratigraphy and basin analysis)","3705"
"field","370511","Structural geology and tectonics","3705"
"field","370512","Volcanology","3705"
"field","370599","Geology not elsewhere classified","3705"
"field","370601","Applied geophysics","3706"
"field","370602","Electrical and electromagnetic methods in geophysics","3706"
"field","370603","Geodesy","3706"
"field","370604","Geodynamics","3706"
"field","370605","Geothermics and radiometrics","3706"
"field","370606","Gravimetrics","3706"
"field","370607","Magnetism and palaeomagnetism","3706"
"field","370608","Petrophysics and rock mechanics","3706"
"field","370609","Seismology and seismic exploration","3706"
"field","370699","Geophysics not elsewhere classified","3706"
"field","370701","Contaminant hydrology","3707"
"field","370702","Ecohydrology","3707"
"field","370703","Groundwater hydrology","3707"
"field","370704","Surface water hydrology","3707"
"field","370705","Urban hydrology","3707"
"field","370799","Hydrology not elsewhere classified","3707"
"field","370801","Biological oceanography","3708"
"field","370802","Chemical oceanography","3708"
"field","370803","Physical oceanography","3708"
"field","370899","Oceanography not elsewhere classified","3708"
"field","370901","Geomorphology and earth surface processes","3709"
"field","370902","Glaciology","3709"
"field","370903","Natural hazards","3709"
"field","370904","Palaeoclimatology","3709"
"field","370905","Quaternary environments","3709"
"field","370906","Regolith and landscape evolution","3709"
"field","370999","Physical geography and environmental geoscience not elsewhere classified","3709"
"field","379901","Earth system sciences","3799"
"field","379999","Other earth sciences not elsewhere classified","3799"
"field","380101","Agricultural economics","3801"
"field","380102","Behavioural economics","3801"
"field","380103","Economic history","3801"
"field","380104","Economics of education","3801"
"field","380105","Environment and resource economics","3801"
"field","380106","Experimental economics","3801"
"field","380107","Financial economics","3801"
"field","380108","Health economics","3801"
"field","380109","Industry economics and industrial organisation","3801"
"field","380110","International economics","3801"
"field","380111","Labour economics","3801"
"field","380112","Macroeconomics (incl. monetary and fiscal theory)","3801"
"field","380113","Public economics - public choice","3801"
"field","380114","Public economics - publicly provided goods","3801"
"field","380115","Public economics - taxation and revenue","3801"
"field","380116","Tourism economics","3801"
"field","380117","Transport economics","3801"
"field","380118","Urban and regional economics","3801"
"field","380119","Welfare economics","3801"
"field","380199","Applied economics not elsewhere classified","3801"
"field","380201","Cross-sectional analysis","3802"
"field","380202","Econometric and statistical methods","3802"
"field","380203","Economic models and forecasting","3802"
"field","380204","Panel data analysis","3802"
"field","380205","Time-series analysis","3802"
"field","380299","Econometrics not elsewhere classified","3802"
"field","380301","History of economic thought","3803"
"field","380302","Macroeconomic theory","3803"
"field","380303","Mathematical economics","3803"
"field","380304","Microeconomic theory","3803"
"field","380399","Economic theory not elsewhere classified","3803"
"field","389901","Comparative economic systems","3899"
"field","389902","Ecological economics","3899"
"field","389903","Heterodox economics","3899"
"field","389999","Other economics not elsewhere classified","3899"
"field","390101","Creative arts, media and communication curriculum and pedagogy","3901"
"field","390102","Curriculum and pedagogy theory and development","3901"
"field","390103","Economics, business and management curriculum and pedagogy","3901"
"field","390104","English and literacy curriculum and pedagogy (excl. LOTE, ESL and TESOL)","3901"
"field","390105","Environmental education curriculum and pedagogy","3901"
"field","390106","Geography education curriculum and pedagogy","3901"
"field","390107","Humanities and social sciences curriculum and pedagogy (excl. economics, business and management)","3901"
"field","390108","LOTE, ESL and TESOL curriculum and pedagogy","3901"
"field","390109","Mathematics and numeracy curriculum and pedagogy","3901"
"field","390110","Medicine, nursing and health curriculum and pedagogy","3901"
"field","390111","Physical education and development curriculum and pedagogy","3901"
"field","390112","Religion curriculum and pedagogy","3901"
"field","390113","Science, technology and engineering curriculum and pedagogy","3901"
"field","390114","Vocational education and training curriculum and pedagogy","3901"
"field","390115","Work integrated learning (incl. internships)","3901"
"field","390199","Curriculum and pedagogy not elsewhere classified","3901"
"field","390201","Education policy","3902"
"field","390202","History and philosophy of education","3902"
"field","390203","Sociology of education","3902"
"field","390299","Education policy, sociology and philosophy not elsewhere classified","3902"
"field","390301","Continuing and community education","3903"
"field","390302","Early childhood education","3903"
"field","390303","Higher education","3903"
"field","390304","Primary education","3903"
"field","390305","Professional education and training","3903"
"field","390306","Secondary education","3903"
"field","390307","Teacher education and professional development of educators","3903"
"field","390308","Technical, further and workplace education","3903"
"field","390399","Education systems not elsewhere classified","3903"
"field","390401","Comparative and cross-cultural education","3904"
"field","390402","Education assessment and evaluation","3904"
"field","390403","Educational administration, management and leadership","3904"
"field","390404","Educational counselling","3904"
"field","390405","Educational technology and computing","3904"
"field","390406","Gender, sexuality and education","3904"
"field","390407","Inclusive education","3904"
"field","390408","Learning analytics","3904"
"field","390409","Learning sciences","3904"
"field","390410","Multicultural education (excl. Aboriginal and Torres Strait Islander, Māori and Pacific Peoples)","3904"
"field","390411","Special education and disability","3904"
"field","390412","Teacher and student wellbeing","3904"
"field","390499","Specialist studies in education not elsewhere classified","3904"
"field","399999","Other education not elsewhere classified","3999"
"field","400101","Aerospace materials","4001"
"field","400102","Aerospace structures","4001"
"field","400103","Aircraft performance and flight control systems","4001"
"field","400104","Avionics","4001"
"field","400105","Flight dynamics","4001"
"field","400106","Hypersonic propulsion and hypersonic aerothermodynamics","4001"
"field","400107","Satellite, space vehicle and missile design and testing","4001"
"field","400199","Aerospace engineering not elsewhere classified","4001"
"field","400201","Automotive combustion and fuel engineering","4002"
"field","400202","Automotive engineering materials","4002"
"field","400203","Automotive mechatronics and autonomous systems","4002"
"field","400204","Automotive safety engineering","4002"
"field","400205","Hybrid and electric vehicles and powertrains","4002"
"field","400299","Automotive engineering not elsewhere classified","4002"
"field","400301","Biofabrication","4003"
"field","400302","Biomaterials","4003"
"field","400303","Biomechanical engineering","4003"
"field","400304","Biomedical imaging","4003"
"field","400305","Biomedical instrumentation","4003"
"field","400306","Computational physiology","4003"
"field","400307","Mechanobiology","4003"
"field","400308","Medical devices","4003"
"field","400309","Neural engineering","4003"
"field","400310","Rehabilitation engineering","4003"
"field","400311","Tissue engineering","4003"
"field","400399","Biomedical engineering not elsewhere classified","4003"
"field","400401","Carbon capture engineering (excl. sequestration)","4004"
"field","400402","Chemical and thermal processes in energy and combustion","4004"
"field","400403","Chemical engineering design","4004"
"field","400404","Electrochemical energy storage and conversion","4004"
"field","400405","Food engineering","4004"
"field","400406","Powder and particle technology","4004"
"field","400407","Process control and simulation","4004"
"field","400408","Reaction engineering (excl. nuclear reactions)","4004"
"field","400409","Separation technologies","4004"
"field","400410","Wastewater treatment processes","4004"
"field","400411","Water treatment processes","4004"
"field","400499","Chemical engineering not elsewhere classified","4004"
"field","400501","Architectural engineering","4005"
"field","400502","Civil geotechnical engineering","4005"
"field","400503","Complex civil systems","4005"
"field","400504","Construction engineering","4005"
"field","400505","Construction materials","4005"
"field","400506","Earthquake engineering","4005"
"field","400507","Fire safety engineering","4005"
"field","400508","Infrastructure engineering and asset management","4005"
"field","400509","Structural dynamics","4005"
"field","400510","Structural engineering","4005"
"field","400511","Timber engineering","4005"
"field","400512","Transport engineering","4005"
"field","400513","Water resources engineering","4005"
"field","400599","Civil engineering not elsewhere classified","4005"
"field","400601","Antennas and propagation","4006"
"field","400602","Data communications","4006"
"field","400603","Molecular, biological, and multi-scale communications","4006"
"field","400604","Network engineering","4006"
"field","400605","Optical fibre communication systems and technologies","4006"
"field","400606","Satellite communications","4006"
"field","400607","Signal processing","4006"
"field","400608","Wireless communication systems and technologies (incl. microwave and millimetrewave)","4006"
"field","400699","Communications engineering not elsewhere classified","4006"
"field","400701","Assistive robots and technology","4007"
"field","400702","Automation engineering","4007"
"field","400703","Autonomous vehicle systems","4007"
"field","400704","Biomechatronics","4007"
"field","400705","Control engineering","4007"
"field","400706","Field robotics","4007"
"field","400707","Manufacturing robotics","4007"
"field","400708","Mechatronics hardware design and architecture","4007"
"field","400709","Medical robotics","4007"
"field","400710","Micro-manipulation","4007"
"field","400711","Simulation, modelling, and programming of mechatronics systems","4007"
"field","400799","Control engineering, mechatronics and robotics not elsewhere classified","4007"
"field","400801","Circuits and systems","4008"
"field","400802","Electrical circuits and systems","4008"
"field","400803","Electrical energy generation (incl. renewables, excl. photovoltaics)","4008"
"field","400804","Electrical energy storage","4008"
"field","400805","Electrical energy transmission, networks and systems","4008"
"field","400806","Electrical machines and drives","4008"
"field","400807","Engineering electromagnetics","4008"
"field","400808","Photovoltaic power systems","4008"
"field","400899","Electrical engineering not elsewhere classified","4008"
"field","400901","Analog electronics and interfaces","4009"
"field","400902","Digital electronic devices","4009"
"field","400903","Digital processor architectures","4009"
"field","400904","Electronic device and system performance evaluation, testing and simulation","4009"
"field","400905","Electronic instrumentation","4009"
"field","400906","Electronic sensors","4009"
"field","400907","Industrial electronics","4009"
"field","400908","Microelectronics","4009"
"field","400909","Photonic and electro-optical devices, sensors and systems (excl. communications)","4009"
"field","400910","Photovoltaic devices (solar cells)","4009"
"field","400911","Power electronics","4009"
"field","400912","Quantum engineering systems (incl. computing and communications)","4009"
"field","400913","Radio frequency engineering","4009"
"field","400999","Electronics, sensors and digital hardware not elsewhere classified","4009"
"field","401001","Engineering design","4010"
"field","401002","Engineering education","4010"
"field","401003","Engineering practice","4010"
"field","401004","Humanitarian engineering","4010"
"field","401005","Risk engineering","4010"
"field","401006","Systems engineering","4010"
"field","401099","Engineering practice and education not elsewhere classified","4010"
"field","401101","Air pollution modelling and control","4011"
"field","401102","Environmentally sustainable engineering","4011"
"field","401103","Global and planetary environmental engineering","4011"
"field","401104","Health and ecological risk assessment","4011"
"field","401105","Life cycle assessment and industrial ecology","4011"
"field","401106","Waste management, reduction, reuse and recycling","4011"
"field","401199","Environmental engineering not elsewhere classified","4011"
"field","401201","Aerodynamics (excl. hypersonic aerodynamics)","4012"
"field","401202","Bio-fluids","4012"
"field","401203","Biomedical fluid mechanics","4012"
"field","401204","Computational methods in fluid flow, heat and mass transfer (incl. computational fluid dynamics)","4012"
"field","401205","Experimental methods in fluid flow, heat and mass transfer","4012"
"field","401206","Fluid-structure interaction and aeroacoustics","4012"
"field","401207","Fundamental and theoretical fluid dynamics","4012"
"field","401208","Geophysical and environmental fluid flows","4012"
"field","401209","Hydrodynamics and hydraulic engineering","4012"
"field","401210","Microfluidics and nanofluidics","4012"
"field","401211","Multiphysics flows (incl. multiphase and reacting flows)","4012"
"field","401212","Non-Newtonian fluid flows (incl. rheology)","4012"
"field","401213","Turbulent flows","4012"
"field","401299","Fluid mechanics and thermal engineering not elsewhere classified","4012"
"field","401301","Cartography and digital mapping","4013"
"field","401302","Geospatial information systems and geospatial data modelling","4013"
"field","401303","Navigation and position fixing","4013"
"field","401304","Photogrammetry and remote sensing","4013"
"field","401305","Satellite-based positioning","4013"
"field","401306","Surveying (incl. hydrographic surveying)","4013"
"field","401399","Geomatic engineering not elsewhere classified","4013"
"field","401401","Additive manufacturing","4014"
"field","401402","CAD/CAM systems","4014"
"field","401403","Flexible manufacturing systems","4014"
"field","401404","Industrial engineering","4014"
"field","401405","Machine tools","4014"
"field","401406","Machining","4014"
"field","401407","Manufacturing management","4014"
"field","401408","Manufacturing processes and technologies (excl. textiles)","4014"
"field","401409","Manufacturing safety and quality","4014"
"field","401410","Microtechnology","4014"
"field","401411","Packaging, storage and transportation (excl. food and agricultural products)","4014"
"field","401412","Precision engineering","4014"
"field","401413","Textile technology","4014"
"field","401499","Manufacturing engineering not elsewhere classified","4014"
"field","401501","Marine engineering","4015"
"field","401502","Naval architecture","4015"
"field","401503","Ocean engineering","4015"
"field","401504","Ship and platform structures (incl. maritime hydrodynamics)","4015"
"field","401505","Special vehicles","4015"
"field","401599","Maritime engineering not elsewhere classified","4015"
"field","401601","Ceramics","4016"
"field","401602","Composite and hybrid materials","4016"
"field","401603","Compound semiconductors","4016"
"field","401604","Elemental semiconductors","4016"
"field","401605","Functional materials","4016"
"field","401606","Glass","4016"
"field","401607","Metals and alloy materials","4016"
"field","401608","Organic semiconductors","4016"
"field","401609","Polymers and plastics","4016"
"field","401610","Timber, pulp and paper","4016"
"field","401611","Wearable materials","4016"
"field","401699","Materials engineering not elsewhere classified","4016"
"field","401701","Acoustics and noise control (excl. architectural acoustics)","4017"
"field","401702","Dynamics, vibration and vibration control","4017"
"field","401703","Energy generation, conversion and storage (excl. chemical and electrical)","4017"
"field","401704","Mechanical engineering asset management","4017"
"field","401705","Microelectromechanical systems (MEMS)","4017"
"field","401706","Numerical modelling and mechanical characterisation","4017"
"field","401707","Solid mechanics","4017"
"field","401708","Tribology","4017"
"field","401799","Mechanical engineering not elsewhere classified","4017"
"field","401801","Micro- and nanosystems","4018"
"field","401802","Molecular and organic electronics","4018"
"field","401803","Nanoelectromechanical systems","4018"
"field","401804","Nanoelectronics","4018"
"field","401805","Nanofabrication, growth and self assembly","4018"
"field","401806","Nanomanufacturing","4018"
"field","401807","Nanomaterials","4018"
"field","401808","Nanometrology","4018"
"field","401809","Nanophotonics","4018"
"field","401810","Nanoscale characterisation","4018"
"field","401899","Nanotechnology not elsewhere classified","4018"
"field","401901","Electrometallurgy","4019"
"field","401902","Geomechanics and resources geotechnical engineering","4019"
"field","401903","Hydrometallurgy","4019"
"field","401904","Mineral processing/beneficiation","4019"
"field","401905","Mining engineering","4019"
"field","401906","Nuclear engineering (incl. fuel enrichment and waste processing and storage)","4019"
"field","401907","Petroleum and reservoir engineering","4019"
"field","401908","Pyrometallurgy","4019"
"field","401999","Resources engineering and extractive metallurgy not elsewhere classified","4019"
"field","409901","Agricultural engineering","4099"
"field","409902","Engineering instrumentation","4099"
"field","409903","Granular mechanics","4099"
"field","409999","Other engineering not elsewhere classified","4099"
"field","410101","Carbon sequestration science","4101"
"field","410102","Ecological impacts of climate change and ecological adaptation","4101"
"field","410103","Human impacts of climate change and human adaptation","4101"
"field","410199","Climate change impacts and adaptation not elsewhere classified","4101"
"field","410201","Bioavailability and ecotoxicology","4102"
"field","410202","Biosecurity science and invasive species ecology","4102"
"field","410203","Ecosystem function","4102"
"field","410204","Ecosystem services (incl. pollination)","4102"
"field","410205","Fire ecology","4102"
"field","410206","Landscape ecology","4102"
"field","410299","Ecological applications not elsewhere classified","4102"
"field","410301","Biodiscovery","4103"
"field","410302","Biological control","4103"
"field","410303","Bioremediation","4103"
"field","410304","Environmental biotechnology diagnostics (incl. biosensors)","4103"
"field","410305","Environmental marine biotechnology","4103"
"field","410306","Environmental nanotechnology and nanometrology","4103"
"field","410399","Environmental biotechnology not elsewhere classified","4103"
"field","410401","Conservation and biodiversity","4104"
"field","410402","Environmental assessment and monitoring","4104"
"field","410403","Environmental education and extension","4104"
"field","410404","Environmental management","4104"
"field","410405","Environmental rehabilitation and restoration","4104"
"field","410406","Natural resource management","4104"
"field","410407","Wildlife and habitat management","4104"
"field","410499","Environmental management not elsewhere classified","4104"
"field","410501","Environmental biogeochemistry","4105"
"field","410502","Noise and wave pollution processes and measurement","4105"
"field","410503","Groundwater quality processes and contaminated land assessment","4105"
"field","410504","Surface water quality processes and contaminated sediment assessment","4105"
"field","410599","Pollution and contamination not elsewhere classified","4105"
"field","410601","Land capability and soil productivity","4106"
"field","410602","Pedology and pedometrics","4106"
"field","410603","Soil biology","4106"
"field","410604","Soil chemistry and soil carbon sequestration (excl. carbon sequestration science)","4106"
"field","410605","Soil physics","4106"
"field","410699","Soil sciences not elsewhere classified","4106"
"field","419999","Other environmental sciences not elsewhere classified","4199"
"field","420101","Arts therapy","4201"
"field","420102","Audiology","4201"
"field","420103","Music therapy","4201"
"field","420104","Occupational therapy","4201"
"field","420105","Orthoptics","4201"
"field","420106","Physiotherapy","4201"
"field","420107","Podiatry","4201"
"field","420108","Prosthetics and orthotics","4201"
"field","420109","Rehabilitation","4201"
"field","420110","Speech pathology","4201"
"field","420199","Allied health and rehabilitation science not elsewhere classified","4201"
"field","420201","Behavioural epidemiology","4202"
"field","420202","Disease surveillance","4202"
"field","420203","Environmental epidemiology","4202"
"field","420204","Epidemiological methods","4202"
"field","420205","Epidemiological modelling","4202"
"field","420206","Forensic epidemiology","4202"
"field","420207","Major global burdens of disease","4202"
"field","420208","Nutritional epidemiology","4202"
"field","420209","Occupational epidemiology","4202"
"field","420210","Social epidemiology","4202"
"field","420299","Epidemiology not elsewhere classified","4202"
"field","420301","Aged health care","4203"
"field","420302","Digital health","4203"
"field","420303","Family care","4203"
"field","420304","General practice","4203"
"field","420305","Health and community services","4203"
"field","420306","Health care administration","4203"
"field","420307","Health counselling","4203"
"field","420308","Health informatics and information systems","4203"
"field","420309","Health management","4203"
"field","420310","Health surveillance","4203"
"field","420311","Health systems","4203"
"field","420312","Implementation science and evaluation","4203"
"field","420313","Mental health services","4203"
"field","420314","Multimorbidity","4203"
"field","420315","One health","4203"
"field","420316","Palliative care","4203"
"field","420317","Patient safety","4203"
"field","420318","People with disability","4203"
"field","420319","Primary health care","4203"
"field","420320","Residential client care","4203"
"field","420321","Rural and remote health services","4203"
"field","420399","Health services and systems not elsewhere classified","4203"
"field","420401","Clinical midwifery","4204"
"field","420402","Models of care and place of birth","4204"
"field","420403","Psychosocial aspects of childbirth and perinatal mental health","4204"
"field","420499","Midwifery not elsewhere classified","4204"
"field","420501","Acute care","4205"
"field","420502","Aged care nursing","4205"
"field","420503","Community and primary care","4205"
"field","420504","Mental health nursing","4205"
"field","420505","Nursing workforce","4205"
"field","420506","Sub-acute care","4205"
"field","420599","Nursing not elsewhere classified","4205"
"field","420601","Community child health","4206"
"field","420602","Health equity","4206"
"field","420603","Health promotion","4206"
"field","420604","Injury prevention","4206"
"field","420605","Preventative health care","4206"
"field","420606","Social determinants of health","4206"
"field","420699","Public health not elsewhere classified","4206"
"field","420701","Biomechanics","4207"
"field","420702","Exercise physiology","4207"
"field","420703","Motor control","4207"
"field","420799","Sports science and exercise not elsewhere classified","4207"
"field","420801","Chiropractic","4208"
"field","420802","Naturopathy","4208"
"field","420803","Traditional Chinese medicine and treatments","4208"
"field","420899","Traditional, complementary and integrative medicine not elsewhere classified","4208"
"field","429999","Other health sciences not elsewhere classified","4299"
"field","430101","Archaeological science","4301"
"field","430102","Archaeology of Asia, Africa and the Americas","4301"
"field","430103","Archaeology of Australia (excl. Aboriginal and Torres Strait Islander)","4301"
"field","430104","Archaeology of Europe, the Mediterranean and the Levant","4301"
"field","430105","Archaeology of New Zealand (excl. Māori)","4301"
"field","430106","Digital archaeology","4301"
"field","430107","Historical archaeology (incl. industrial archaeology)","4301"
"field","430108","Maritime archaeology","4301"
"field","430199","Archaeology not elsewhere classified","4301"
"field","430201","Archival, repository and related studies","4302"
"field","430202","Critical heritage, museum and archive studies","4302"
"field","430203","Cultural heritage management (incl. world heritage)","4302"
"field","430204","Digital heritage","4302"
"field","430205","Heritage and cultural conservation","4302"
"field","430206","Heritage collections and interpretations","4302"
"field","430207","Heritage tourism, visitor and audience studies","4302"
"field","430208","Intangible heritage","4302"
"field","430209","Materials conservation","4302"
"field","430299","Heritage, archive and museum studies not elsewhere classified","4302"
"field","430301","Asian history","4303"
"field","430302","Australian history","4303"
"field","430303","Biography","4303"
"field","430304","British history","4303"
"field","430305","Classical Greek and Roman history","4303"
"field","430306","Digital history","4303"
"field","430307","Environmental history","4303"
"field","430308","European history (excl. British, classical Greek and Roman)","4303"
"field","430309","Gender history","4303"
"field","430310","Global and world history","4303"
"field","430311","Historical studies of crime","4303"
"field","430312","Histories of race","4303"
"field","430313","History of empires, imperialism and colonialism","4303"
"field","430314","History of religion","4303"
"field","430315","History of the pacific","4303"
"field","430316","International history","4303"
"field","430317","Latin and South American history","4303"
"field","430318","Middle Eastern and North African history","4303"
"field","430319","Migration history","4303"
"field","430320","New Zealand history","4303"
"field","430321","North American history","4303"
"field","430322","Sub-Saharan African history","4303"
"field","430323","Transnational history","4303"
"field","430399","Historical studies not elsewhere classified","4303"
"field","439999","Other history, heritage and archaeology not elsewhere classified","4399"
"field","440101","Anthropology of development","4401"
"field","440102","Anthropology of gender and sexuality","4401"
"field","440103","Biological (physical) anthropology","4401"
"field","440104","Environmental anthropology","4401"
"field","440105","Linguistic anthropology","4401"
"field","440106","Medical anthropology","4401"
"field","440107","Social and cultural anthropology","4401"
"field","440199","Anthropology not elsewhere classified","4401"
"field","440201","Causes and prevention of crime","4402"
"field","440202","Correctional theory, offender treatment and rehabilitation","4402"
"field","440203","Courts and sentencing","4402"
"field","440204","Crime and social justice","4402"
"field","440205","Criminological theories","4402"
"field","440206","Critical approaches to crime","4402"
"field","440207","Cybercrime","4402"
"field","440208","Environmental crime","4402"
"field","440209","Gender and crime","4402"
"field","440210","Organised crime","4402"
"field","440211","Police administration, procedures and practice","4402"
"field","440212","Private policing and security services","4402"
"field","440213","Race/ethnicity and crime","4402"
"field","440214","Sociological studies of crime","4402"
"field","440215","State crime","4402"
"field","440216","Technology, crime and surveillance","4402"
"field","440217","Terrorism","4402"
"field","440218","Victims","4402"
"field","440219","White collar crime","4402"
"field","440299","Criminology not elsewhere classified","4402"
"field","440301","Family and household studies","4403"
"field","440302","Fertility","4403"
"field","440303","Migration","4403"
"field","440304","Mortality","4403"
"field","440305","Population trends and policies","4403"
"field","440399","Demography not elsewhere classified","4403"
"field","440401","Development cooperation","4404"
"field","440402","Humanitarian disasters, conflict and peacebuilding","4404"
"field","440403","Labour, migration and development","4404"
"field","440404","Political economy and social change","4404"
"field","440405","Poverty, inclusivity and wellbeing","4404"
"field","440406","Rural community development","4404"
"field","440407","Socio-economic development","4404"
"field","440408","Urban community development","4404"
"field","440499","Development studies not elsewhere classified","4404"
"field","440501","Feminist and queer theory","4405"
"field","440502","Feminist methodologies","4405"
"field","440503","Feminist theory","4405"
"field","440504","Gender relations","4405"
"field","440505","Intersectional studies","4405"
"field","440506","Sexualities","4405"
"field","440507","Studies of men and masculinities","4405"
"field","440508","Transgender studies","4405"
"field","440509","Women's studies (incl. girls' studies)","4405"
"field","440599","Gender studies not elsewhere classified","4405"
"field","440601","Cultural geography","4406"
"field","440602","Development geography","4406"
"field","440603","Economic geography","4406"
"field","440604","Environmental geography","4406"
"field","440605","Health geography","4406"
"field","440606","Political geography","4406"
"field","440607","Population geography","4406"
"field","440608","Recreation, leisure and tourism geography","4406"
"field","440609","Rural and regional geography","4406"
"field","440610","Social geography","4406"
"field","440611","Transport geography","4406"
"field","440612","Urban geography","4406"
"field","440699","Human geography not elsewhere classified","4406"
"field","440701","Communications and media policy","4407"
"field","440702","Crime policy","4407"
"field","440703","Economic development policy","4407"
"field","440704","Environment policy","4407"
"field","440705","Gender, policy and administration","4407"
"field","440706","Health policy","4407"
"field","440707","Housing policy","4407"
"field","440708","Public administration","4407"
"field","440709","Public policy","4407"
"field","440710","Research, science and technology policy","4407"
"field","440711","Risk policy","4407"
"field","440712","Social policy","4407"
"field","440713","Tourism policy","4407"
"field","440714","Urban policy","4407"
"field","440799","Policy and administration not elsewhere classified","4407"
"field","440801","Australian government and politics","4408"
"field","440802","Citizenship","4408"
"field","440803","Comparative government and politics","4408"
"field","440804","Defence studies","4408"
"field","440805","Environmental politics","4408"
"field","440806","Gender and politics","4408"
"field","440807","Government and politics of Asia and the Pacific","4408"
"field","440808","International relations","4408"
"field","440809","New Zealand government and politics","4408"
"field","440810","Peace studies","4408"
"field","440811","Political theory and political philosophy","4408"
"field","440899","Political science not elsewhere classified","4408"
"field","440901","Clinical social work practice","4409"
"field","440902","Counselling, wellbeing and community services","4409"
"field","440903","Social program evaluation","4409"
"field","440999","Social work not elsewhere classified","4409"
"field","441001","Applied sociology, program evaluation and social impact assessment","4410"
"field","441002","Environmental sociology","4410"
"field","441003","Rural sociology","4410"
"field","441004","Social change","4410"
"field","441005","Social theory","4410"
"field","441006","Sociological methodology and research methods","4410"
"field","441007","Sociology and social studies of science and technology","4410"
"field","441008","Sociology of culture","4410"
"field","441009","Sociology of family and relationships","4410"
"field","441010","Sociology of gender","4410"
"field","441011","Sociology of health","4410"
"field","441012","Sociology of inequalities","4410"
"field","441013","Sociology of migration, ethnicity and multiculturalism","4410"
"field","441014","Sociology of religion","4410"
"field","441015","Sociology of the life course","4410"
"field","441016","Urban sociology and community studies","4410"
"field","441099","Sociology not elsewhere classified","4410"
"field","449901","Studies of Asian society","4499"
"field","449999","Other human society not elsewhere classified","4499"
"field","450101","Aboriginal and Torres Strait Islander archaeology","4501"
"field","450102","Aboriginal and Torres Strait Islander artefacts","4501"
"field","450103","Aboriginal and Torres Strait Islander cultural history","4501"
"field","450104","Aboriginal and Torres Strait Islander culture","4501"
"field","450105","Aboriginal and Torres Strait Islander curatorial, archives and museum studies","4501"
"field","450106","Aboriginal and Torres Strait Islander ethics","4501"
"field","450107","Aboriginal and Torres Strait Islander history","4501"
"field","450108","Aboriginal and Torres Strait Islander linguistics and languages","4501"
"field","450109","Aboriginal and Torres Strait Islander literature, journalism and professional writing","4501"
"field","450110","Aboriginal and Torres Strait Islander media, film, animation and photography","4501"
"field","450111","Aboriginal and Torres Strait Islander music and performing arts","4501"
"field","450112","Aboriginal and Torres Strait Islander philosophy","4501"
"field","450113","Aboriginal and Torres Strait Islander religion and religious studies","4501"
"field","450114","Aboriginal and Torres Strait Islander repatriation","4501"
"field","450115","Aboriginal and Torres Strait Islander research methods","4501"
"field","450116","Aboriginal and Torres Strait Islander visual arts and crafts","4501"
"field","450117","Aboriginal and Torres Strait Islander ways of knowing, being and doing","4501"
"field","450118","Conservation of Aboriginal and Torres Strait Islander heritage","4501"
"field","450199","Aboriginal and Torres Strait Islander culture, language and history not elsewhere classified","4501"
"field","450201","Aboriginal and Torres Strait Islander curriculum and pedagogy","4502"
"field","450202","Aboriginal and Torres Strait Islander early childhood education","4502"
"field","450203","Aboriginal and Torres Strait Islander educational methods","4502"
"field","450204","Aboriginal and Torres Strait Islander technical, further, continuing and community education","4502"
"field","450205","Aboriginal and Torres Strait Islander higher education","4502"
"field","450206","Aboriginal and Torres Strait Islander language education","4502"
"field","450207","Aboriginal and Torres Strait Islander men’s education","4502"
"field","450208","Aboriginal and Torres Strait Islander primary education","4502"
"field","450209","Aboriginal and Torres Strait Islander secondary education","4502"
"field","450210","Aboriginal and Torres Strait Islander student engagement and teaching","4502"
"field","450211","Aboriginal and Torres Strait Islander women’s education","4502"
"field","450212","Cultural responsiveness and working with Aboriginal and Torres Strait Islander communities education","4502"
"field","450213","Embedding Aboriginal and Torres Strait Islander knowledges, histories, culture, country, perspectives and ethics in education","4502"
"field","450299","Aboriginal and Torres Strait Islander education not elsewhere classified","4502"
"field","450301","Aboriginal and Torres Strait Islander agriculture and forestry","4503"
"field","450302","Aboriginal and Torres Strait Islander earth sciences","4503"
"field","450303","Aboriginal and Torres Strait Islander environmental conservation","4503"
"field","450304","Aboriginal and Torres Strait Islander environmental knowledges","4503"
"field","450305","Aboriginal and Torres Strait Islander fisheries and customary fisheries","4503"
"field","450306","Aboriginal and Torres Strait Islander land and water management","4503"
"field","450307","Aboriginal and Torres Strait Islander marine environment science","4503"
"field","450399","Aboriginal and Torres Strait Islander environmental knowledges and management not elsewhere classified","4503"
"field","450401","Aboriginal and Torres Strait Islander and disability","4504"
"field","450402","Aboriginal and Torres Strait Islander biomedical and clinical sciences","4504"
"field","450403","Aboriginal and Torres Strait Islander child health and wellbeing","4504"
"field","450404","Aboriginal and Torres Strait Islander cultural determinants of health","4504"
"field","450405","Aboriginal and Torres Strait Islander diet and nutrition","4504"
"field","450406","Aboriginal and Torres Strait Islander epidemiology","4504"
"field","450407","Aboriginal and Torres Strait Islander health policy","4504"
"field","450408","Aboriginal and Torres Strait Islander health promotion","4504"
"field","450409","Aboriginal and Torres Strait Islander health services","4504"
"field","450410","Aboriginal and Torres Strait Islander lifecourse","4504"
"field","450411","Aboriginal and Torres Strait Islander medicine and treatments","4504"
"field","450412","Aboriginal and Torres Strait Islander men’s health and wellbeing","4504"
"field","450413","Aboriginal and Torres Strait Islander midwifery and paediatrics","4504"
"field","450414","Aboriginal and Torres Strait Islander mothers and babies health and wellbeing","4504"
"field","450415","Aboriginal and Torres Strait Islander nursing","4504"
"field","450416","Aboriginal and Torres Strait Islander psychology","4504"
"field","450417","Aboriginal and Torres Strait Islander public health and wellbeing","4504"
"field","450418","Aboriginal and Torres Strait Islander remote health","4504"
"field","450419","Aboriginal and Torres Strait Islander social determinants of health","4504"
"field","450420","Aboriginal and Torres Strait Islander social, emotional, cultural and spiritual wellbeing","4504"
"field","450421","Aboriginal and Torres Strait Islander sport and physical activity","4504"
"field","450422","Aboriginal and Torres Strait Islander theory of change models for health","4504"
"field","450423","Aboriginal and Torres Strait Islander youth and family social and emotional wellbeing","4504"
"field","450499","Aboriginal and Torres Strait Islander health and wellbeing not elsewhere classified","4504"
"field","450501","Aboriginal and Torres Strait Islander accounting","4505"
"field","450502","Aboriginal and Torres Strait Islander anthropology","4505"
"field","450503","Aboriginal and Torres Strait Islander architecture","4505"
"field","450504","Aboriginal and Torres Strait Islander commerce","4505"
"field","450505","Aboriginal and Torres Strait Islander community and regional development","4505"
"field","450506","Aboriginal and Torres Strait Islander community governance and decision making","4505"
"field","450507","Aboriginal and Torres Strait Islander community-based research","4505"
"field","450508","Aboriginal and Torres Strait Islander criminology","4505"
"field","450509","Aboriginal and Torres Strait Islander customary law","4505"
"field","450510","Aboriginal and Torres Strait Islander design practice and management","4505"
"field","450511","Aboriginal and Torres Strait Islander economics","4505"
"field","450512","Aboriginal and Torres Strait Islander finance","4505"
"field","450513","Aboriginal and Torres Strait Islander human geography and demography","4505"
"field","450514","Aboriginal and Torres Strait Islander legislation","4505"
"field","450515","Aboriginal and Torres Strait Islander management","4505"
"field","450516","Aboriginal and Torres Strait Islander marketing","4505"
"field","450517","Aboriginal and Torres Strait Islander not-for-profit social enterprises","4505"
"field","450518","Aboriginal and Torres Strait Islander peoples and the law","4505"
"field","450519","Aboriginal and Torres Strait Islander perspectives","4505"
"field","450520","Aboriginal and Torres Strait Islander political participation and representation","4505"
"field","450521","Aboriginal and Torres Strait Islander politics","4505"
"field","450522","Aboriginal and Torres Strait Islander social impact and program evaluation","4505"
"field","450523","Aboriginal and Torres Strait Islander social work and social justice","4505"
"field","450524","Aboriginal and Torres Strait Islander sociological studies","4505"
"field","450525","Aboriginal and Torres Strait Islander sociology","4505"
"field","450526","Aboriginal and Torres Strait Islander tourism","4505"
"field","450527","Aboriginal and Torres Strait Islander urban and regional planning","4505"
"field","450599","Aboriginal and Torres Strait Islander peoples, society and community not elsewhere classified","4505"
"field","450601","Aboriginal and Torres Strait Islander astronomy and cosmology","4506"
"field","450602","Aboriginal and Torres Strait Islander biological sciences","4506"
"field","450603","Aboriginal and Torres Strait Islander computing technology use and design","4506"
"field","450604","Aboriginal and Torres Strait Islander engineering","4506"
"field","450605","Aboriginal and Torres Strait Islander genomics","4506"
"field","450606","Aboriginal and Torres Strait Islander information and knowledge management systems","4506"
"field","450607","Aboriginal and Torres Strait Islander innovation","4506"
"field","450608","Aboriginal and Torres Strait Islander knowledge management methods","4506"
"field","450609","Aboriginal and Torres Strait Islander mathematical, physical and chemical sciences (excl. astronomy and cosmology)","4506"
"field","450699","Aboriginal and Torres Strait Islander sciences not elsewhere classified","4506"
"field","450701","Te whāomoomo i te tuku ihotanga Māori (conservation of Māori heritage)","4507"
"field","450702","Te mana wahine (female status)","4507"
"field","450703","Te mana tāne (male status)","4507"
"field","450704","Te mātai whaipara Māori (Māori archaeology)","4507"
"field","450705","Ngā taonga Māori nō mua (Māori artefacts)","4507"
"field","450706","Te hītori ahurea Māori (Māori cultural history)","4507"
"field","450707","Te ahurea Māori (Māori culture)","4507"
"field","450708","Ngā mātai kaitiaki, pūranga me ngā whare tongarewa o te Māori (Māori curatorial, archives and museum studies)","4507"
"field","450709","Ngā matatika o te Māori (Māori ethics)","4507"
"field","450710","Te hītori Māori (Māori history)","4507"
"field","450711","Te whenua, ahurea me te tuakiri o te Māori (Māori land, culture and identity)","4507"
"field","450712","Te mātai i te reo Māori me te reo Māori (Māori linguistics and languages)","4507"
"field","450713","Te mātākōrero, te kawe kōrero me te tuhituhi ngaio o te Māori (Māori literature, journalism and professional writing)","4507"
"field","450714","Ngā arapāho, ngā kiriata, te hākoritanga me te hopu whakaahua o te Māori (Māori media, film, animation and photography)","4507"
"field","450715","Te puoro me ngā mahi a te rēhia o te Māori (Māori music and performing arts)","4507"
"field","450716","Te rapunga whakaaro o te Māori (Māori philosophy)","4507"
"field","450717","Ngā Kaupapa Māori (Māori projects)","4507"
"field","450718","Te whakapono me te mātai whakapono o te Māori (Māori religion and religious studies)","4507"
"field","450719","Te whakahoki taonga a te Māori ki te kāinga (Māori repatriation)","4507"
"field","450720","Ngā tikanga rangahau o te Māori (Māori research methods)","4507"
"field","450721","Ngā toi ataata ngā mahi ā-rehe o te Māori (Māori visual arts and crafts)","4507"
"field","450799","Te ahurea, reo, me te hītori o te Māori kāore anō kia whakarōpūtia i wāhi kē (Māori culture, language and history not elsewhere classified)","4507"
"field","450801","Ngā kōhanga reo (Māori curriculum and pedagogy)","4508"
"field","450802","Te Whāriki - te mātauranga kōhungahunga Māori (Māori early childhood education)","4508"
"field","450803","Ngā tikanga mātauranga o te Māori (Māori educational methods)","4508"
"field","450804","Te mātauranga kura tuatoru Māori (Māori higher education)","4508"
"field","450805","Te mātauranga reo Māori (Māori language education)","4508"
"field","450806","Ngā kura kaupapa Māori (Māori primary education)","4508"
"field","450807","Te urupare me te whai wāhi Māori ki te mātauranga (Māori responsiveness and engaged education)","4508"
"field","450808","Te mātauranga kura tuarua Māori (Māori secondary education)","4508"
"field","450809","Te whai wāhi ākonga me ngā mahi whakaako o te Māori (Māori student engagement and teaching)","4508"
"field","450810","Tō te Māori mātauranga hangarau, mātauranga atu anō, mātauranga haere tonu, me te mātauranga hapori (Māori technical, further, continuing and community education)","4508"
"field","450811","Te mātauranga Māori i roto i te mātauranga (Mātauranga Māori in education)","4508"
"field","450899","Te mātauranga Māori kāore anō kia whakarōpūtia i wāhi kē (Māori education not elsewhere classified)","4508"
"field","450901","Te ahuwhenua me ngā mahi ngahere o te Māori (Māori agriculture and forestry)","4509"
"field","450902","Ngā pūtaiao-ā-nuku o te Māori (Māori earth sciences)","4509"
"field","450903","Te whāomoomo taiao o te Māori (Māori environmental conservation)","4509"
"field","450904","Ngā mātauranga taiao o te Māori (Māori environmental knowledges)","4509"
"field","450905","Te ahumoana me te ahumoana tuku iho o te Māori (Māori fisheries and customary fisheries)","4509"
"field","450906","Te whakahaere whenua me te wai o te Māori (Māori land and water management)","4509"
"field","450907","Te pūtaiao taiao moana o te Māori (Māori marine environment science)","4509"
"field","450999","Ngā mātauranga taiao o te Māori kāore anō kia whakarōpūtia i wāhi kē (Māori environmental knowledges not elsewhere classified)","4509"
"field","451001","Te whaikaha me te Māori (Māori and disability)","4510"
"field","451002","Ngā pūtaiao koiora-hauora, haumanu hoki o te Māori (Māori biomedical and clinical sciences)","4510"
"field","451003","Ngā tokoingoa ahurea o te hauora o te Māori (Māori cultural determinants of health)","4510"
"field","451004","Te horakai me ngā kai o te Māori (Māori diet and nutrition)","4510"
"field","451005","Te mātai tahumaero o te Māori (Māori epidemiology)","4510"
"field","451006","Ngā kaupapahere hauora o te Māori (Māori health policy)","4510"
"field","451007","Te whakatairanga hauora o te Māori (Māori health promotion)","4510"
"field","451008","Ngā wāhanga ora o te Māori (Māori life course)","4510"
"field","451009","Ngā rongoā me ngā whakamaimoa o te Māori (Māori medicine and treatments)","4510"
"field","451010","Ngā kaiwhakawhānau me te mātai mate tamariki o te Māori (Māori midwifery and paediatrics)","4510"
"field","451011","Te hauora me te oranga ā-whaea, ā-pēpi o te Māori (Māori mothers and babies health and wellbeing)","4510"
"field","451012","Te mahi tapuhi o te Māori (Māori nursing)","4510"
"field","451013","Mātauranga hinengaro kaupapa Māori (Māori psychology)","4510"
"field","451014","Ngā pūnaha mātauranga hinengaro o te Māori (Māori psychology knowledge systems)","4510"
"field","451015","Te hauora me te oranga tūmatanui o te Māori (Māori public health and wellbeing)","4510"
"field","451016","Te hauora mamao o te Māori (Māori remote health)","4510"
"field","451017","Te oranga ā-pāpori, ā-hinengaro, ā-ahurea, ā-wairua o te Māori (Māori social, cultural, emotional and spiritual wellbeing)","4510"
"field","451018","Ngā tokoingoa pāpori o te hauora o te Māori (Māori social determinants of health)","4510"
"field","451019","Ngā hākinakina me te korikori tinana o te Māori (Māori sport and physical activity)","4510"
"field","451020","Te ariā o ngā tauira panoni hauora o te Māori (Māori theory of change models for health)","4510"
"field","451021","Ngā taiohi me ngā whānau Māori (Māori youth and family)","4510"
"field","451099","Te hauora me te oranga o te Māori kāore anō kia whakarōpūhia i wāhi kē (Māori health and wellbeing not elsewhere classified)","4510"
"field","451101","Te mahi kaute o te Māori (Māori accounting)","4511"
"field","451102","Te mātauranga tikanga Māori (Māori anthropology)","4511"
"field","451103","Te hoahoanga whare o te Māori (Māori architecture)","4511"
"field","451104","Ngā mahi tauhokohoko o te Māori (Māori commerce)","4511"
"field","451105","Te whanaketanga ā-hapori, ā-rohe o te Māori (Māori community and regional development)","4511"
"field","451106","Te rangahau kei rō hapori o te Māori (Māori community-based research)","4511"
"field","451107","Te kāwana ā-hapori, whakatau take hoki o te Māori (Māori community governance and decision making)","4511"
"field","451108","Te mātauranga taihara Māori (Māori criminology)","4511"
"field","451109","Ngā tikanga Māori (Māori customary law)","4511"
"field","451110","Te whakaharatau me te whakahaere hoahoa o te Māori (Māori design practice and management)","4511"
"field","451111","Te mātauranga ōhanga o te Māori (Māori economics)","4511"
"field","451112","Te ahumoni Māori (Māori finance)","4511"
"field","451113","Te mātauranga matawhenua ā-iwi me te tatauranga ā-iwi o te Māori (Māori human geography and demography)","4511"
"field","451114","Te ture Whenua (Māori land law)","4511"
"field","451115","Te ture me te tika Māori (Māori law and justice)","4511"
"field","451116","Ngā ture Māori (Māori legislation)","4511"
"field","451117","Te whakahaere o te Māori (Māori management)","4511"
"field","451118","Te whakamākete o te Māori (Māori marketing)","4511"
"field","451119","Ngā hinonga pāpori kaupapa atawhai o te Māori (Māori not-for-profit social enterprises)","4511"
"field","451120","Ngā iwi Māori me te ture (Māori peoples and the law)","4511"
"field","451121","Ngā tirohanga Māori (Māori perspectives)","4511"
"field","451122","Te whai wāhi me te whakakanohi taha tōrāngapū o te Māori (Māori political participation and representation)","4511"
"field","451123","Ngā mahi tōrangapū Māori (Māori politics)","4511"
"field","451124","Ngā ture rawa Māori (Māori resource law)","4511"
"field","451125","Te pāpātanga pāpori me te aromātai hōtaka o te Māori (Māori social impact and program evaluation)","4511"
"field","451126","Ngā mahi tauwhiro me te tika pāpori o te Māori (Māori social work and social justice)","4511"
"field","451127","Ngā mātai tikanga ā-iwi o te Māori (Māori sociological studies)","4511"
"field","451128","Te mātauranga pāpori o te Māori (Māori sociology)","4511"
"field","451129","Te mahi tāpoi Māori (Māori tourism)","4511"
"field","451130","Te Tiriti o Waitangi (The Treaty of Waitangi)","4511"
"field","451131","Te whakamahere ā-tāone, ā-rohe o te Māori (Māori urban and regional planning)","4511"
"field","451199","Ngā tāngata, te porihanga me ngā hapori o te Māori kāore anō kia whakarōpūtia i wāhi kē (Māori peoples, society and community not elsewhere classified)","4511"
"field","451201","Te mātai arorangi me te mātai tuarangi o te Māori (Māori astronomy and cosmology)","4512"
"field","451202","Ngā pūtaiao koiora o te Māori (Māori biological sciences)","4512"
"field","451203","Te whakamahi me te hoahoa o te hangarau rorohiko o te Māori (Māori computing technology use and design)","4512"
"field","451204","Te mana motuhake o ngā raraunga Māori (Māori data sovereignty)","4512"
"field","451205","Te mātauranga pūkaha o te Māori (Māori engineering)","4512"
"field","451206","Te mātai huingaira o te Māori (Māori genomics)","4512"
"field","451207","Ngā pūnaha whakahaere mōhiohio me te mātauranga o te Māori (Māori information and knowledge management systems)","4512"
"field","451208","Te wairua auaha o te Māori (Māori innovation)","4512"
"field","451209","Ngā tikanga whakahaere mōhiotanga Māori (Māori knowledge management methods)","4512"
"field","451210","Ngā pūtaiao pāngarau, ōkiko, matū hoki - hāunga te mātai arorangi me te mātai tuarangi o te Māori (Māori mathematical, physical and chemical sciences - excl. astronomy and cosmology)","4512"
"field","451211","Te tukatuka reo noa o te Māori (Māori natural language processing)","4512"
"field","451299","Ngā pūtaiao Māori kāore anō kia whakarōpūhia i wāhi kē (Māori sciences not elsewhere classified)","4512"
"field","451301","Archaeology of New Guinea and Pacific Islands (excl. New Zealand)","4513"
"field","451302","Conservation of Pacific Peoples heritage","4513"
"field","451303","Pacific Peoples artefacts","4513"
"field","451304","Pacific Peoples cultural history","4513"
"field","451305","Pacific Peoples culture","4513"
"field","451306","Pacific Peoples curatorial, archives and museum studies","4513"
"field","451307","Pacific Peoples ethics","4513"
"field","451308","Pacific Peoples history","4513"
"field","451309","Pacific Peoples land, culture and identity","4513"
"field","451310","Pacific Peoples linguistics and languages","4513"
"field","451311","Pacific Peoples literature, journalism and professional writing","4513"
"field","451312","Pacific Peoples media, film, animation and photography","4513"
"field","451313","Pacific Peoples music and performing arts","4513"
"field","451314","Pacific Peoples philosophy","4513"
"field","451315","Pacific Peoples religion and religious studies","4513"
"field","451316","Pacific Peoples repatriation","4513"
"field","451317","Pacific Peoples research methods","4513"
"field","451318","Pacific Peoples visual arts and crafts","4513"
"field","451319","Pacific Peoples ways of knowing, being and doing","4513"
"field","451399","Pacific Peoples culture, language and history not elsewhere classified","4513"
"field","451401","Cultural responsiveness and working with Pacific Peoples communities education","4514"
"field","451402","Embedding Pacific Peoples knowledges, histories, culture, country, perspectives and ethics in education","4514"
"field","451403","Pacific Peoples curriculum and pedagogy","4514"
"field","451404","Pacific Peoples early childhood education","4514"
"field","451405","Pacific Peoples educational methods","4514"
"field","451406","Pacific Peoples technical, further, continuing and community education","4514"
"field","451407","Pacific Peoples higher education","4514"
"field","451408","Pacific Peoples language education","4514"
"field","451409","Pacific Peoples men’s education","4514"
"field","451410","Pacific Peoples primary education","4514"
"field","451411","Pacific Peoples secondary education","4514"
"field","451412","Pacific Peoples student engagement and teaching","4514"
"field","451413","Pacific Peoples women’s education","4514"
"field","451499","Pacific Peoples education not elsewhere classified","4514"
"field","451501","Pacific Peoples agriculture and forestry","4515"
"field","451502","Pacific Peoples earth sciences","4515"
"field","451503","Pacific Peoples environmental conservation","4515"
"field","451504","Pacific Peoples environmental knowledges","4515"
"field","451505","Pacific Peoples fisheries and customary fisheries","4515"
"field","451506","Pacific Peoples land and water management","4515"
"field","451507","Pacific Peoples marine environment science","4515"
"field","451599","Pacific Peoples environmental knowledges not elsewhere classified","4515"
"field","451601","Pacific Peoples and disability","4516"
"field","451602","Pacific Peoples biomedical and clinical science","4516"
"field","451603","Pacific Peoples cultural determinants of health","4516"
"field","451604","Pacific Peoples diet and nutrition","4516"
"field","451605","Pacific Peoples epidemiology","4516"
"field","451606","Pacific Peoples health policy","4516"
"field","451607","Pacific Peoples health promotion","4516"
"field","451608","Pacific Peoples life course","4516"
"field","451609","Pacific Peoples medicine and treatments","4516"
"field","451610","Pacific Peoples midwifery and paediatrics","4516"
"field","451611","Pacific Peoples mothers and babies health and wellbeing","4516"
"field","451612","Pacific Peoples nursing","4516"
"field","451613","Pacific Peoples psychology","4516"
"field","451614","Pacific Peoples public health and wellbeing","4516"
"field","451615","Pacific Peoples remote health","4516"
"field","451616","Pacific Peoples social determinants of health","4516"
"field","451617","Pacific Peoples social, cultural, emotional and spiritual wellbeing","4516"
"field","451618","Pacific Peoples sport and physical activity","4516"
"field","451619","Pacific Peoples theory of change models for health","4516"
"field","451620","Pacific Peoples youth and family","4516"
"field","451699","Pacific Peoples health and wellbeing not elsewhere classified","4516"
"field","451701","Pacific Peoples astronomy and cosmology","4517"
"field","451702","Pacific Peoples biological sciences","4517"
"field","451703","Pacific Peoples computing technology use and design","4517"
"field","451704","Pacific Peoples engineering","4517"
"field","451705","Pacific Peoples genomics","4517"
"field","451706","Pacific Peoples information and knowledge management systems","4517"
"field","451707","Pacific Peoples innovation","4517"
"field","451708","Pacific Peoples knowledge management methods","4517"
"field","451709","Pacific Peoples mathematical, physical and chemical sciences (excl. astronomy and cosmology)","4517"
"field","451799","Pacific Peoples sciences not elsewhere classified","4517"
"field","451801","Pacific Peoples and the law","4518"
"field","451802","Pacific Peoples anthropology","4518"
"field","451803","Pacific Peoples architecture","4518"
"field","451804","Pacific Peoples commerce","4518"
"field","451805","Pacific Peoples community and regional development","4518"
"field","451806","Pacific Peoples community governance and decision making","4518"
"field","451807","Pacific Peoples community-based research","4518"
"field","451808","Pacific Peoples criminology","4518"
"field","451809","Pacific Peoples customary law","4518"
"field","451810","Pacific Peoples design practice and management","4518"
"field","451811","Pacific Peoples economics","4518"
"field","451812","Pacific Peoples finance","4518"
"field","451813","Pacific Peoples human geography and demography","4518"
"field","451814","Pacific Peoples legislation","4518"
"field","451815","Pacific Peoples management","4518"
"field","451816","Pacific Peoples marketing","4518"
"field","451817","Pacific Peoples not-for-profit social enterprises","4518"
"field","451818","Pacific Peoples perspectives","4518"
"field","451819","Pacific Peoples political participation and representation","4518"
"field","451820","Pacific Peoples politics","4518"
"field","451821","Pacific Peoples social impact and program evaluation","4518"
"field","451822","Pacific Peoples social work and social justice","4518"
"field","451823","Pacific Peoples sociological studies","4518"
"field","451824","Pacific Peoples sociology","4518"
"field","451825","Pacific Peoples tourism","4518"
"field","451826","Pacific Peoples urban and regional planning","4518"
"field","451899","Pacific Peoples, society and community not elsewhere classified","4518"
"field","451901","Global Indigenous studies culture, language and history","4519"
"field","451902","Global Indigenous studies environmental knowledges and management","4519"
"field","451903","Global Indigenous studies health and wellbeing","4519"
"field","451904","Global Indigenous studies peoples, society and community","4519"
"field","451905","Global Indigenous studies sciences","4519"
"field","451906","Indigenous data and data technologies","4519"
"field","451907","Indigenous methodologies","4519"
"field","451999","Other Indigenous data, methodologies and global Indigenous studies not elsewhere classified","4519"
"field","459999","Other Indigenous studies not elsewhere classified","4599"
"field","460101","Applications in arts and humanities","4601"
"field","460102","Applications in health","4601"
"field","460103","Applications in life sciences","4601"
"field","460104","Applications in physical sciences","4601"
"field","460105","Applications in social sciences and education","4601"
"field","460106","Spatial data and applications","4601"
"field","460199","Applied computing not elsewhere classified","4601"
"field","460201","Artificial life and complex adaptive systems","4602"
"field","460202","Autonomous agents and multiagent systems","4602"
"field","460203","Evolutionary computation","4602"
"field","460204","Fuzzy computation","4602"
"field","460205","Intelligent robotics","4602"
"field","460206","Knowledge representation and reasoning","4602"
"field","460207","Modelling and simulation","4602"
"field","460208","Natural language processing","4602"
"field","460209","Planning and decision making","4602"
"field","460210","Satisfiability and optimisation","4602"
"field","460211","Speech production","4602"
"field","460212","Speech recognition","4602"
"field","460299","Artificial intelligence not elsewhere classified","4602"
"field","460301","Active sensing","4603"
"field","460302","Audio processing","4603"
"field","460303","Computational imaging","4603"
"field","460304","Computer vision","4603"
"field","460305","Image and video coding","4603"
"field","460306","Image processing","4603"
"field","460307","Multimodal analysis and synthesis","4603"
"field","460308","Pattern recognition","4603"
"field","460309","Video processing","4603"
"field","460399","Computer vision and multimedia computation not elsewhere classified","4603"
"field","460401","Cryptography","4604"
"field","460402","Data and information privacy","4604"
"field","460403","Data security and protection","4604"
"field","460404","Digital forensics","4604"
"field","460405","Hardware security","4604"
"field","460406","Software and application security","4604"
"field","460407","System and network security","4604"
"field","460499","Cybersecurity and privacy not elsewhere classified","4604"
"field","460501","Data engineering and data science","4605"
"field","460502","Data mining and knowledge discovery","4605"
"field","460503","Data models, storage and indexing","4605"
"field","460504","Data quality","4605"
"field","460505","Database systems","4605"
"field","460506","Graph, social and multimedia data","4605"
"field","460507","Information extraction and fusion","4605"
"field","460508","Information retrieval and web search","4605"
"field","460509","Query processing and optimisation","4605"
"field","460510","Recommender systems","4605"
"field","460511","Stream and sensor data","4605"
"field","460599","Data management and data science not elsewhere classified","4605"
"field","460601","Cloud computing","4606"
"field","460602","Concurrent/parallel systems and technologies","4606"
"field","460603","Cyberphysical systems and internet of things","4606"
"field","460604","Dependable systems","4606"
"field","460605","Distributed systems and algorithms","4606"
"field","460606","Energy-efficient computing","4606"
"field","460607","High performance computing","4606"
"field","460608","Mobile computing","4606"
"field","460609","Networking and communications","4606"
"field","460610","Operating systems","4606"
"field","460611","Performance evaluation","4606"
"field","460612","Service oriented computing","4606"
"field","460699","Distributed computing and systems software not elsewhere classified","4606"
"field","460701","Computer aided design","4607"
"field","460702","Computer graphics","4607"
"field","460703","Entertainment and gaming","4607"
"field","460704","Interactive narrative","4607"
"field","460705","Procedural content generation","4607"
"field","460706","Serious games","4607"
"field","460707","Sound and music computing","4607"
"field","460708","Virtual and mixed reality","4607"
"field","460799","Graphics, augmented reality and games not elsewhere classified","4607"
"field","460801","Accessible computing","4608"
"field","460802","Affective computing","4608"
"field","460803","Collaborative and social computing","4608"
"field","460804","Computing education","4608"
"field","460805","Fairness, accountability, transparency, trust and ethics of computer systems","4608"
"field","460806","Human-computer interaction","4608"
"field","460807","Information visualisation","4608"
"field","460808","Mixed initiative and human-in-the-loop","4608"
"field","460809","Pervasive computing","4608"
"field","460810","Social robotics","4608"
"field","460899","Human-centred computing not elsewhere classified","4608"
"field","460901","Business process management","4609"
"field","460902","Decision support and group support systems","4609"
"field","460903","Information modelling, management and ontologies","4609"
"field","460904","Information security management","4609"
"field","460905","Information systems development methodologies and practice","4609"
"field","460906","Information systems education","4609"
"field","460907","Information systems for sustainable development and the public good","4609"
"field","460908","Information systems organisation and management","4609"
"field","460909","Information systems philosophy, research methods and theory","4609"
"field","460910","Information systems user experience design and development","4609"
"field","460911","Inter-organisational, extra-organisational and global information systems","4609"
"field","460912","Knowledge and information management","4609"
"field","460999","Information systems not elsewhere classified","4609"
"field","461001","Digital curation and preservation","4610"
"field","461002","Human information behaviour","4610"
"field","461003","Human information interaction and retrieval","4610"
"field","461004","Information governance, policy and ethics","4610"
"field","461005","Informetrics","4610"
"field","461006","Library studies","4610"
"field","461007","Open access","4610"
"field","461008","Organisation of information and knowledge resources","4610"
"field","461009","Recordkeeping informatics","4610"
"field","461010","Social and community informatics","4610"
"field","461099","Library and information studies not elsewhere classified","4610"
"field","461101","Adversarial machine learning","4611"
"field","461102","Context learning","4611"
"field","461103","Deep learning","4611"
"field","461104","Neural networks","4611"
"field","461105","Reinforcement learning","4611"
"field","461106","Semi- and unsupervised learning","4611"
"field","461199","Machine learning not elsewhere classified","4611"
"field","461201","Automated software engineering","4612"
"field","461202","Empirical software engineering","4612"
"field","461203","Formal methods for software","4612"
"field","461204","Programming languages","4612"
"field","461205","Requirements engineering","4612"
"field","461206","Software architecture","4612"
"field","461207","Software quality, processes and metrics","4612"
"field","461208","Software testing, verification and validation","4612"
"field","461299","Software engineering not elsewhere classified","4612"
"field","461301","Coding, information theory and compression","4613"
"field","461302","Computational complexity and computability","4613"
"field","461303","Computational logic and formal languages","4613"
"field","461304","Concurrency theory","4613"
"field","461305","Data structures and algorithms","4613"
"field","461306","Numerical computation and mathematical software","4613"
"field","461307","Quantum computation","4613"
"field","461399","Theory of computation not elsewhere classified","4613"
"field","469999","Other information and computing sciences not elsewhere classified","4699"
"field","470101","Communication studies","4701"
"field","470102","Communication technology and digital media studies","4701"
"field","470103","Environmental communication","4701"
"field","470104","International and development communication","4701"
"field","470105","Journalism studies","4701"
"field","470106","Media industry studies","4701"
"field","470107","Media studies","4701"
"field","470108","Organisational, interpersonal and intercultural communication","4701"
"field","470199","Communication and media studies not elsewhere classified","4701"
"field","470201","Arts and cultural policy","4702"
"field","470202","Asian cultural studies","4702"
"field","470203","Consumption and everyday life","4702"
"field","470204","Cultural and creative industries","4702"
"field","470205","Cultural studies of agriculture, food and wine","4702"
"field","470206","Cultural studies of nation and region","4702"
"field","470207","Cultural theory","4702"
"field","470208","Culture, representation and identity","4702"
"field","470209","Environment and culture","4702"
"field","470210","Globalisation and culture","4702"
"field","470211","Migrant cultural studies","4702"
"field","470212","Multicultural, intercultural and cross-cultural studies","4702"
"field","470213","Postcolonial studies","4702"
"field","470214","Screen and media culture","4702"
"field","470299","Cultural studies not elsewhere classified","4702"
"field","470301","African languages","4703"
"field","470302","Central and Eastern European languages (incl. Russian)","4703"
"field","470303","Chinese languages","4703"
"field","470304","Comparative language studies","4703"
"field","470305","Early English languages","4703"
"field","470306","English as a second language","4703"
"field","470307","English language","4703"
"field","470308","French language","4703"
"field","470309","German language","4703"
"field","470310","Iberian languages","4703"
"field","470311","Indian languages","4703"
"field","470312","Indonesian languages","4703"
"field","470313","Italian language","4703"
"field","470314","Japanese language","4703"
"field","470315","Korean language","4703"
"field","470316","Latin and classical Greek languages","4703"
"field","470317","Middle Eastern languages","4703"
"field","470318","Other Asian languages (excl. South-East Asian)","4703"
"field","470319","Other European languages","4703"
"field","470320","South-East Asian languages (excl. Indonesian)","4703"
"field","470321","Translation and interpretation studies","4703"
"field","470399","Language studies not elsewhere classified","4703"
"field","470401","Applied linguistics and educational linguistics","4704"
"field","470402","Child language acquisition","4704"
"field","470403","Computational linguistics","4704"
"field","470404","Corpus linguistics","4704"
"field","470405","Discourse and pragmatics","4704"
"field","470406","Historical, comparative and typological linguistics","4704"
"field","470407","Language documentation and description","4704"
"field","470408","Lexicography and semantics","4704"
"field","470409","Linguistic structures (incl. phonology, morphology and syntax)","4704"
"field","470410","Phonetics and speech science","4704"
"field","470411","Sociolinguistics","4704"
"field","470499","Linguistics not elsewhere classified","4704"
"field","470501","African literature","4705"
"field","470502","Australian literature (excl. Aboriginal and Torres Strait Islander literature)","4705"
"field","470503","Book history","4705"
"field","470504","British and Irish literature","4705"
"field","470505","Central and Eastern European literature (incl. Russian)","4705"
"field","470506","Children's literature","4705"
"field","470507","Comparative and transnational literature","4705"
"field","470508","Digital literature","4705"
"field","470509","Ecocriticism","4705"
"field","470510","Indian literature","4705"
"field","470511","Indonesian literature","4705"
"field","470512","Korean literature","4705"
"field","470513","Latin and classical Greek literature","4705"
"field","470514","Literary theory","4705"
"field","470515","Literature in Chinese","4705"
"field","470516","Literature in French","4705"
"field","470517","Literature in German","4705"
"field","470518","Literature in Italian","4705"
"field","470519","Literature in Japanese","4705"
"field","470520","Literature in Spanish and Portuguese","4705"
"field","470521","Middle Eastern literature","4705"
"field","470522","New Zealand literature (excl. Māori literature)","4705"
"field","470523","North American literature","4705"
"field","470524","Other Asian literature (excl. South-East Asian)","4705"
"field","470525","Other European literature","4705"
"field","470526","Other literatures in English","4705"
"field","470527","Popular and genre literature","4705"
"field","470528","Print culture","4705"
"field","470529","South-East Asian literature (excl. Indonesian)","4705"
"field","470530","Stylistics and textual analysis","4705"
"field","470531","Young adult literature","4705"
"field","470599","Literary studies not elsewhere classified","4705"
"field","479999","Other language, communication and culture not elsewhere classified","4799"
"field","480101","Banking, finance and securities law","4801"
"field","480102","Commercial law","4801"
"field","480103","Corporations and associations law","4801"
"field","480104","Labour law","4801"
"field","480105","Not-for-profit law","4801"
"field","480106","Taxation law","4801"
"field","480199","Commercial law not elsewhere classified","4801"
"field","480201","Animal law","4802"
"field","480202","Climate change law","4802"
"field","480203","Environmental law","4802"
"field","480204","Mining, energy and natural resources law","4802"
"field","480299","Environmental and resources law not elsewhere classified","4802"
"field","480301","Asian and Pacific law","4803"
"field","480302","Comparative law","4803"
"field","480303","Conflict of laws (incl. private international law)","4803"
"field","480304","European Union law","4803"
"field","480305","International arbitration","4803"
"field","480306","International criminal law","4803"
"field","480307","International humanitarian and human rights law","4803"
"field","480308","International trade and investment law","4803"
"field","480309","Ocean law and governance","4803"
"field","480310","Public international law","4803"
"field","480311","Space, maritime and aviation law","4803"
"field","480399","International and comparative law not elsewhere classified","4803"
"field","480401","Criminal law","4804"
"field","480402","Family law","4804"
"field","480403","Law and humanities","4804"
"field","480404","Law and religion","4804"
"field","480405","Law and society and socio-legal research","4804"
"field","480406","Law reform","4804"
"field","480407","Law, gender and sexuality (incl. feminist legal scholarship)","4804"
"field","480408","Law, science and technology","4804"
"field","480409","Legal education","4804"
"field","480410","Legal theory, jurisprudence and legal interpretation","4804"
"field","480411","Media and communication law","4804"
"field","480412","Medical and health law","4804"
"field","480413","Race, ethnicity and law","4804"
"field","480414","Sports law","4804"
"field","480499","Law in context not elsewhere classified","4804"
"field","480501","Access to justice","4805"
"field","480502","Civil procedure","4805"
"field","480503","Criminal procedure","4805"
"field","480504","Legal institutions (incl. courts and justice systems)","4805"
"field","480505","Legal practice, lawyering and the legal profession","4805"
"field","480506","Litigation, adjudication and dispute resolution","4805"
"field","480507","Youth justice","4805"
"field","480599","Legal systems not elsewhere classified","4805"
"field","480601","Contract law","4806"
"field","480602","Equity and trusts law","4806"
"field","480603","Intellectual property law","4806"
"field","480604","Property law (excl. intellectual property law)","4806"
"field","480605","Tort law","4806"
"field","480699","Private law and civil obligations not elsewhere classified","4806"
"field","480701","Administrative law","4807"
"field","480702","Constitutional law","4807"
"field","480703","Domestic human rights law","4807"
"field","480704","Migration, asylum and refugee law","4807"
"field","480705","Military law and justice","4807"
"field","480706","Privacy and data rights","4807"
"field","480707","Welfare, insurance, disability and social security law","4807"
"field","480799","Public law not elsewhere classified","4807"
"field","489999","Other law and legal studies not elsewhere classified","4899"
"field","490101","Approximation theory and asymptotic methods","4901"
"field","490102","Biological mathematics","4901"
"field","490103","Calculus of variations, mathematical aspects of systems theory and control theory","4901"
"field","490104","Complex systems","4901"
"field","490105","Dynamical systems in applications","4901"
"field","490106","Financial mathematics","4901"
"field","490107","Mathematical methods and special functions","4901"
"field","490108","Operations research","4901"
"field","490109","Theoretical and applied mechanics","4901"
"field","490199","Applied mathematics not elsewhere classified","4901"
"field","490201","Algebraic structures in mathematical physics","4902"
"field","490202","Integrable systems (classical and quantum)","4902"
"field","490203","Mathematical aspects of classical mechanics, quantum mechanics and quantum information theory","4902"
"field","490204","Mathematical aspects of general relativity","4902"
"field","490205","Mathematical aspects of quantum and conformal field theory, quantum gravity and string theory","4902"
"field","490206","Statistical mechanics, physical combinatorics and mathematical aspects of condensed matter","4902"
"field","490299","Mathematical physics not elsewhere classified","4902"
"field","490301","Experimental mathematics","4903"
"field","490302","Numerical analysis","4903"
"field","490303","Numerical solution of differential and integral equations","4903"
"field","490304","Optimisation","4903"
"field","490399","Numerical and computational mathematics not elsewhere classified","4903"
"field","490401","Algebra and number theory","4904"
"field","490402","Algebraic and differential geometry","4904"
"field","490403","Category theory, k theory, homological algebra","4904"
"field","490404","Combinatorics and discrete mathematics (excl. physical combinatorics)","4904"
"field","490405","Group theory and generalisations","4904"
"field","490406","Lie groups, harmonic and Fourier analysis","4904"
"field","490407","Mathematical logic, set theory, lattices and universal algebra","4904"
"field","490408","Operator algebras and functional analysis","4904"
"field","490409","Ordinary differential equations, difference equations and dynamical systems","4904"
"field","490410","Partial differential equations","4904"
"field","490411","Real and complex functions (incl. several variables)","4904"
"field","490412","Topology","4904"
"field","490499","Pure mathematics not elsewhere classified","4904"
"field","490501","Applied statistics","4905"
"field","490502","Biostatistics","4905"
"field","490503","Computational statistics","4905"
"field","490504","Forensic evaluation, inference and statistics","4905"
"field","490505","Large and complex data theory","4905"
"field","490506","Probability theory","4905"
"field","490507","Spatial statistics","4905"
"field","490508","Statistical data science","4905"
"field","490509","Statistical theory","4905"
"field","490510","Stochastic analysis and modelling","4905"
"field","490511","Time series and spatial modelling","4905"
"field","490599","Statistics not elsewhere classified","4905"
"field","499999","Other mathematical sciences not elsewhere classified","4999"
"field","500101","Bioethics","5001"
"field","500102","Business ethics","5001"
"field","500103","Ethical use of new technology","5001"
"field","500104","Human rights and justice issues (excl. law)","5001"
"field","500105","Legal ethics","5001"
"field","500106","Medical ethics","5001"
"field","500107","Professional ethics","5001"
"field","500199","Applied ethics not elsewhere classified","5001"
"field","500201","History and philosophy of engineering and technology","5002"
"field","500202","History and philosophy of law and justice","5002"
"field","500203","History and philosophy of medicine","5002"
"field","500204","History and philosophy of science","5002"
"field","500205","History and philosophy of the humanities","5002"
"field","500206","History and philosophy of the social sciences","5002"
"field","500207","History of ideas","5002"
"field","500208","History of philosophy","5002"
"field","500299","History and philosophy of specific fields not elsewhere classified","5002"
"field","500301","Aesthetics","5003"
"field","500302","Critical theory","5003"
"field","500303","Decision theory","5003"
"field","500304","Environmental philosophy","5003"
"field","500305","Epistemology","5003"
"field","500306","Ethical theory","5003"
"field","500307","Hermeneutics","5003"
"field","500308","Logic","5003"
"field","500309","Metaphysics","5003"
"field","500310","Phenomenology","5003"
"field","500311","Philosophical psychology (incl. moral psychology and philosophy of action)","5003"
"field","500312","Philosophy of cognition","5003"
"field","500313","Philosophy of gender","5003"
"field","500314","Philosophy of language","5003"
"field","500315","Philosophy of mind (excl. cognition)","5003"
"field","500316","Philosophy of religion","5003"
"field","500317","Philosophy of science (excl. history and philosophy of specific fields)","5003"
"field","500318","Philosophy of specific cultures (incl. comparative philosophy)","5003"
"field","500319","Poststructuralism","5003"
"field","500320","Psychoanalytic philosophy","5003"
"field","500321","Social and political philosophy","5003"
"field","500399","Philosophy not elsewhere classified","5003"
"field","500401","Christian studies","5004"
"field","500402","Comparative religious studies","5004"
"field","500403","Islamic studies","5004"
"field","500404","Jewish studies","5004"
"field","500405","Religion, society and culture","5004"
"field","500406","Studies in eastern religious traditions","5004"
"field","500407","Studies in religious traditions (excl. Eastern, Jewish, Christian and Islamic traditions)","5004"
"field","500499","Religious studies not elsewhere classified","5004"
"field","500501","Theology","5005"
"field","500599","Theology not elsewhere classified","5005"
"field","509999","Other philosophy and religious studies not elsewhere classified","5099"
"field","510101","Astrobiology","5101"
"field","510102","Astronomical instrumentation","5101"
"field","510103","Cosmology and extragalactic astronomy","5101"
"field","510104","Galactic astronomy","5101"
"field","510105","General relativity and gravitational waves","5101"
"field","510106","High energy astrophysics and galactic cosmic rays","5101"
"field","510107","Planetary science (excl. solar system and planetary geology)","5101"
"field","510108","Solar physics","5101"
"field","510109","Stellar astronomy and planetary systems","5101"
"field","510199","Astronomical sciences not elsewhere classified","5101"
"field","510201","Atomic and molecular physics","5102"
"field","510202","Lasers and quantum electronics","5102"
"field","510203","Nonlinear optics and spectroscopy","5102"
"field","510204","Photonics, optoelectronics and optical communications","5102"
"field","510205","Terahertz physics","5102"
"field","510299","Atomic, molecular and optical physics not elsewhere classified","5102"
"field","510301","Acoustics and acoustical devices; waves","5103"
"field","510302","Classical and physical optics","5103"
"field","510303","Electrostatics and electrodynamics","5103"
"field","510304","Thermodynamics and statistical physics","5103"
"field","510399","Classical physics not elsewhere classified","5103"
"field","510401","Condensed matter characterisation technique development","5104"
"field","510402","Condensed matter imaging","5104"
"field","510403","Condensed matter modelling and density functional theory","5104"
"field","510404","Electronic and magnetic properties of condensed matter; superconductivity","5104"
"field","510405","Soft condensed matter","5104"
"field","510406","Structural properties of condensed matter","5104"
"field","510407","Surface properties of condensed matter","5104"
"field","510499","Condensed matter physics not elsewhere classified","5104"
"field","510501","Biological physics","5105"
"field","510502","Medical physics","5105"
"field","510599","Medical and biological physics not elsewhere classified","5105"
"field","510601","Nuclear physics","5106"
"field","510602","Plasma physics; fusion plasmas; electrical discharges","5106"
"field","510699","Nuclear and plasma physics not elsewhere classified","5106"
"field","510701","Astroparticle physics and particle cosmology","5107"
"field","510702","Field theory and string theory","5107"
"field","510703","Particle physics","5107"
"field","510799","Particle and high energy physics not elsewhere classified","5107"
"field","510801","Degenerate quantum gases and atom optics","5108"
"field","510802","Foundations of quantum mechanics","5108"
"field","510803","Quantum information, computation and communication","5108"
"field","510804","Quantum optics and quantum optomechanics","5108"
"field","510805","Quantum technologies","5108"
"field","510899","Quantum physics not elsewhere classified","5108"
"field","510901","Astrodynamics and space situational awareness","5109"
"field","510902","Heliophysics and space weather","5109"
"field","510903","Mesospheric, thermospheric, ionospheric and magnetospheric physics","5109"
"field","510904","Solar system energetic particles","5109"
"field","510905","Solar system planetary science (excl. planetary geology)","5109"
"field","510906","Space instrumentation","5109"
"field","510999","Space sciences not elsewhere classified","5109"
"field","511001","Accelerators","5110"
"field","511002","Instruments and techniques","5110"
"field","511003","Synchrotrons","5110"
"field","511099","Synchrotrons and accelerators not elsewhere classified","5110"
"field","519901","Complex physical systems","5199"
"field","519999","Other physical sciences not elsewhere classified","5199"
"field","520101","Child and adolescent development","5201"
"field","520102","Educational psychology","5201"
"field","520103","Forensic psychology","5201"
"field","520104","Industrial and organisational psychology (incl. human factors)","5201"
"field","520105","Psychological methodology, design and analysis","5201"
"field","520106","Psychology of ageing","5201"
"field","520107","Sport and exercise psychology","5201"
"field","520108","Testing, assessment and psychometrics","5201"
"field","520199","Applied and developmental psychology not elsewhere classified","5201"
"field","520201","Behavioural genetics","5202"
"field","520202","Behavioural neuroscience","5202"
"field","520203","Cognitive neuroscience","5202"
"field","520204","Evolutionary psychological studies","5202"
"field","520205","Psychopharmacology","5202"
"field","520206","Psychophysiology","5202"
"field","520207","Social and affective neuroscience","5202"
"field","520299","Biological psychology not elsewhere classified","5202"
"field","520301","Clinical neuropsychology","5203"
"field","520302","Clinical psychology","5203"
"field","520303","Counselling psychology","5203"
"field","520304","Health psychology","5203"
"field","520399","Clinical and health psychology not elsewhere classified","5203"
"field","520401","Cognition","5204"
"field","520402","Decision making","5204"
"field","520403","Learning, motivation and emotion","5204"
"field","520404","Memory and attention","5204"
"field","520405","Psycholinguistics (incl. speech production and comprehension)","5204"
"field","520406","Sensory processes, perception and performance","5204"
"field","520499","Cognitive and computational psychology not elsewhere classified","5204"
"field","520501","Community psychology","5205"
"field","520502","Gender psychology","5205"
"field","520503","Personality and individual differences","5205"
"field","520504","Psychology of religion","5205"
"field","520505","Social psychology","5205"
"field","520599","Social and personality psychology not elsewhere classified","5205"
"field","529999","Other psychology not elsewhere classified","5299"
